row_number,module_name,fecha,anio,mes_num,mes_nombre,periodo,registro_valido,estado_fila_norm,municipio,proyecto_codigo,proyecto_nombre,tipo_asistencia,linea_enfoque,es_nueva_asistencia,cuenta_indicador_asistencia,sectores,resultado_mes,observaciones
1,asistencias,2026-02-10,2026,2,Febrero,2026-02,True,OK,Sololá,1,Vertedero Picacho,Visita a planta de tratamiento,Gestión integral de residuos y desechos sólidos,True,True,Desechos sólidos,Verificación del cierre de operaciones del vertedero municipal Picacho.,
2,asistencias,2026-02-10,2026,2,Febrero,2026-02,True,OK,Sololá,2,PTRS Coxom,Visita a planta de tratamiento,Gestión integral de residuos y desechos sólidos,True,True,Desechos sólidos,Diagnostico de operacion actual y planificación de nuevo relleno sanitario,
3,asistencias,2026-02-11,2026,2,Febrero,2026-02,True,OK,San Antonio Palopó,3,PTRS San Antonio Palopó,Visita a planta de tratamiento,Gestión integral de residuos y desechos sólidos,True,True,Desechos sólidos,Diagnostico para PIRDS,
4,asistencias,2026-02-19,2026,2,Febrero,2026-02,True,OK,Santa Catarina Palopó,4,PTAR Santa Catarina Palopó,Visita a planta de tratamiento,Tratamiento de aguas residuales,True,True,Tratamiento de aguas residuales,Diagnostico de funcionamiento con consultor externo para estabilización de operacion.,
5,asistencias,2026-02-23,2026,2,Febrero,2026-02,True,OK,San Antonio Palopó,3,PTRS San Antonio Palopó,Visita a planta de tratamiento,Gestión integral de residuos y desechos sólidos,False,False,Desechos sólidos,Levantamiento de fotogrametría de relleno sanitario,
6,asistencias,2026-02-24,2026,2,Febrero,2026-02,True,OK,Santa Catarina Palopó,4,Simulacro nacional de terremoto,Otro,Otro,True,False,Otro,Llenado de boleta de evaluacion de respuesta de terremoto,
7,asistencias,2026-02-25,2026,2,Febrero,2026-02,True,OK,Panajachel,5,Visita a centro de acopio AR,Visita a planta de tratamiento,Gestión integral de residuos y desechos sólidos,True,True,Desechos sólidos,Acompañamiento técnico a profesionales de USAC para conocer sobre el manejo de reciclables de AR,
8,asistencias,2026-03-06,2026,3,Marzo,2026-03,True,OK,San Juan La Laguna,6,Visita a terreno para centro de transferencia AR,Seguimiento técnico,Gestión integral de residuos y desechos sólidos,True,True,Desechos sólidos,Referencia para elaboración de EIA,
9,asistencias,2026-03-09,2026,3,Marzo,2026-03,True,OK,San Juan La Laguna,6,Visita a PTRS,Seguimiento técnico,Gestión integral de residuos y desechos sólidos,False,False,Desechos sólidos,"diagnostico para recuperación y manejo de PTRS, seguimiento PIRDS, Estudio de caracterizacion de residuos sólidos sector comercial y de mercados.",No nos atendieron por situacion de auditoria municipal
10,asistencias,2026-03-09,2026,3,Marzo,2026-03,True,OK,Santa Catarina Palopó,4,Visita a PTAR Santa Catarina Palopó ,Seguimiento técnico,Tratamiento de aguas residuales,True,True,Tratamiento de aguas residuales,Gestión de fondos para mejora de operacion del sistema de tratamiento.,
11,asistencias,2026-03-11,2026,3,Marzo,2026-03,True,OK,Santa Cruz La Laguna,7,Visita técnica ocular a vertedero ilegal de desechos sólidos,Seguimiento técnico,Gestión integral de residuos y desechos sólidos,True,True,Desechos sólidos,Proceso de denuncia ,
12,asistencias,2026-03-16,2026,3,Marzo,2026-03,True,OK,Panajachel,8,Evento dia del agua,Otro,Saneamiento ambiental,True,True,Alcantarillado | Tratamiento de aguas residuales | Desechos sólidos | Agua potable,Gestión de apoyo de instalaciones y alimentacion don PORTA HOTEL para evento dia del agua dirigido a técnicos munipales y organizacion comunitaria.,
13,asistencias,2026-03-20,2026,3,Marzo,2026-03,True,OK,San Andrés Semetabaj,9,Sistema de captacion y distribucion de agua para consumo humano,Asistencia técnica proyectos de agua y saneamiento,Agua y saneamiento,False,False,Agua potable,"Solicitud y entrega de papeleria para gestion administrativa de insumos y materiales para red de distribucion de agua del caserío Xejuyu 1, San Andrés Semetabaj ante el departamento de saneamiento ambiental de AMSCLAE.",
14,asistencias,2026-03-25,2026,3,Marzo,2026-03,True,OK,Sololá,10,Cierre de 2 vertederos ilegales,Seguimiento técnico,Gestión integral de residuos y desechos sólidos,False,False,Desechos sólidos,"Clasura de 2 vertederos ilegales en; Xajaxac, Los Encuentros y Caserío El Encanto, Pujujil 2, Sololá. recolectados 180 costales de desechos y recuperada un área de 450 metros cuadrados aproximadamente ",
15,asistencias,,,,,NaT,False,,,,,,,False,False,,,
16,asistencias,,,,,NaT,False,,,,,,,False,False,,,
17,asistencias,,,,,NaT,False,,,,,,,False,False,,,
18,asistencias,,,,,NaT,False,,,,,,,False,False,,,
19,asistencias,,,,,NaT,False,,,,,,,False,False,,,
20,asistencias,,,,,NaT,False,,,,,,,False,False,,,
21,asistencias,,,,,NaT,False,,,,,,,False,False,,,
22,asistencias,,,,,NaT,False,,,,,,,False,False,,,
23,asistencias,,,,,NaT,False,,,,,,,False,False,,,
24,asistencias,,,,,NaT,False,,,,,,,False,False,,,
25,asistencias,,,,,NaT,False,,,,,,,False,False,,,
26,asistencias,,,,,NaT,False,,,,,,,False,False,,,
27,asistencias,,,,,NaT,False,,,,,,,False,False,,,
28,asistencias,,,,,NaT,False,,,,,,,False,False,,,
29,asistencias,,,,,NaT,False,,,,,,,False,False,,,
30,asistencias,,,,,NaT,False,,,,,,,False,False,,,
31,asistencias,,,,,NaT,False,,,,,,,False,False,,,
32,asistencias,,,,,NaT,False,,,,,,,False,False,,,
33,asistencias,,,,,NaT,False,,,,,,,False,False,,,
34,asistencias,,,,,NaT,False,,,,,,,False,False,,,
35,asistencias,,,,,NaT,False,,,,,,,False,False,,,
36,asistencias,,,,,NaT,False,,,,,,,False,False,,,
37,asistencias,,,,,NaT,False,,,,,,,False,False,,,
38,asistencias,,,,,NaT,False,,,,,,,False,False,,,
39,asistencias,,,,,NaT,False,,,,,,,False,False,,,
40,asistencias,,,,,NaT,False,,,,,,,False,False,,,
41,asistencias,,,,,NaT,False,,,,,,,False,False,,,
42,asistencias,,,,,NaT,False,,,,,,,False,False,,,
43,asistencias,,,,,NaT,False,,,,,,,False,False,,,
44,asistencias,,,,,NaT,False,,,,,,,False,False,,,
45,asistencias,,,,,NaT,False,,,,,,,False,False,,,
46,asistencias,,,,,NaT,False,,,,,,,False,False,,,
47,asistencias,,,,,NaT,False,,,,,,,False,False,,,
48,asistencias,,,,,NaT,False,,,,,,,False,False,,,
49,asistencias,,,,,NaT,False,,,,,,,False,False,,,
50,asistencias,,,,,NaT,False,,,,,,,False,False,,,
51,asistencias,,,,,NaT,False,,,,,,,False,False,,,
52,asistencias,,,,,NaT,False,,,,,,,False,False,,,
53,asistencias,,,,,NaT,False,,,,,,,False,False,,,
54,asistencias,,,,,NaT,False,,,,,,,False,False,,,
55,asistencias,,,,,NaT,False,,,,,,,False,False,,,
56,asistencias,,,,,NaT,False,,,,,,,False,False,,,
57,asistencias,,,,,NaT,False,,,,,,,False,False,,,
58,asistencias,,,,,NaT,False,,,,,,,False,False,,,
59,asistencias,,,,,NaT,False,,,,,,,False,False,,,
60,asistencias,,,,,NaT,False,,,,,,,False,False,,,
61,asistencias,,,,,NaT,False,,,,,,,False,False,,,
62,asistencias,,,,,NaT,False,,,,,,,False,False,,,
63,asistencias,,,,,NaT,False,,,,,,,False,False,,,
64,asistencias,,,,,NaT,False,,,,,,,False,False,,,
65,asistencias,,,,,NaT,False,,,,,,,False,False,,,
66,asistencias,,,,,NaT,False,,,,,,,False,False,,,
67,asistencias,,,,,NaT,False,,,,,,,False,False,,,
68,asistencias,,,,,NaT,False,,,,,,,False,False,,,
69,asistencias,,,,,NaT,False,,,,,,,False,False,,,
70,asistencias,,,,,NaT,False,,,,,,,False,False,,,
71,asistencias,,,,,NaT,False,,,,,,,False,False,,,
72,asistencias,,,,,NaT,False,,,,,,,False,False,,,
73,asistencias,,,,,NaT,False,,,,,,,False,False,,,
74,asistencias,,,,,NaT,False,,,,,,,False,False,,,
75,asistencias,,,,,NaT,False,,,,,,,False,False,,,
76,asistencias,,,,,NaT,False,,,,,,,False,False,,,
77,asistencias,,,,,NaT,False,,,,,,,False,False,,,
78,asistencias,,,,,NaT,False,,,,,,,False,False,,,
79,asistencias,,,,,NaT,False,,,,,,,False,False,,,
80,asistencias,,,,,NaT,False,,,,,,,False,False,,,
81,asistencias,,,,,NaT,False,,,,,,,False,False,,,
82,asistencias,,,,,NaT,False,,,,,,,False,False,,,
83,asistencias,,,,,NaT,False,,,,,,,False,False,,,
84,asistencias,,,,,NaT,False,,,,,,,False,False,,,
85,asistencias,,,,,NaT,False,,,,,,,False,False,,,
86,asistencias,,,,,NaT,False,,,,,,,False,False,,,
87,asistencias,,,,,NaT,False,,,,,,,False,False,,,
88,asistencias,,,,,NaT,False,,,,,,,False,False,,,
89,asistencias,,,,,NaT,False,,,,,,,False,False,,,
90,asistencias,,,,,NaT,False,,,,,,,False,False,,,
91,asistencias,,,,,NaT,False,,,,,,,False,False,,,
92,asistencias,,,,,NaT,False,,,,,,,False,False,,,
93,asistencias,,,,,NaT,False,,,,,,,False,False,,,
94,asistencias,,,,,NaT,False,,,,,,,False,False,,,
95,asistencias,,,,,NaT,False,,,,,,,False,False,,,
96,asistencias,,,,,NaT,False,,,,,,,False,False,,,
97,asistencias,,,,,NaT,False,,,,,,,False,False,,,
98,asistencias,,,,,NaT,False,,,,,,,False,False,,,
99,asistencias,,,,,NaT,False,,,,,,,False,False,,,
100,asistencias,,,,,NaT,False,,,,,,,False,False,,,
101,asistencias,,,,,NaT,False,,,,,,,False,False,,,
102,asistencias,,,,,NaT,False,,,,,,,False,False,,,
103,asistencias,,,,,NaT,False,,,,,,,False,False,,,
104,asistencias,,,,,NaT,False,,,,,,,False,False,,,
105,asistencias,,,,,NaT,False,,,,,,,False,False,,,
106,asistencias,,,,,NaT,False,,,,,,,False,False,,,
107,asistencias,,,,,NaT,False,,,,,,,False,False,,,
108,asistencias,,,,,NaT,False,,,,,,,False,False,,,
109,asistencias,,,,,NaT,False,,,,,,,False,False,,,
110,asistencias,,,,,NaT,False,,,,,,,False,False,,,
111,asistencias,,,,,NaT,False,,,,,,,False,False,,,
112,asistencias,,,,,NaT,False,,,,,,,False,False,,,
113,asistencias,,,,,NaT,False,,,,,,,False,False,,,
114,asistencias,,,,,NaT,False,,,,,,,False,False,,,
115,asistencias,,,,,NaT,False,,,,,,,False,False,,,
116,asistencias,,,,,NaT,False,,,,,,,False,False,,,
117,asistencias,,,,,NaT,False,,,,,,,False,False,,,
118,asistencias,,,,,NaT,False,,,,,,,False,False,,,
119,asistencias,,,,,NaT,False,,,,,,,False,False,,,
120,asistencias,,,,,NaT,False,,,,,,,False,False,,,
121,asistencias,,,,,NaT,False,,,,,,,False,False,,,
122,asistencias,,,,,NaT,False,,,,,,,False,False,,,
123,asistencias,,,,,NaT,False,,,,,,,False,False,,,
124,asistencias,,,,,NaT,False,,,,,,,False,False,,,
125,asistencias,,,,,NaT,False,,,,,,,False,False,,,
126,asistencias,,,,,NaT,False,,,,,,,False,False,,,
127,asistencias,,,,,NaT,False,,,,,,,False,False,,,
128,asistencias,,,,,NaT,False,,,,,,,False,False,,,
129,asistencias,,,,,NaT,False,,,,,,,False,False,,,
130,asistencias,,,,,NaT,False,,,,,,,False,False,,,
131,asistencias,,,,,NaT,False,,,,,,,False,False,,,
132,asistencias,,,,,NaT,False,,,,,,,False,False,,,
133,asistencias,,,,,NaT,False,,,,,,,False,False,,,
134,asistencias,,,,,NaT,False,,,,,,,False,False,,,
135,asistencias,,,,,NaT,False,,,,,,,False,False,,,
136,asistencias,,,,,NaT,False,,,,,,,False,False,,,
137,asistencias,,,,,NaT,False,,,,,,,False,False,,,
138,asistencias,,,,,NaT,False,,,,,,,False,False,,,
139,asistencias,,,,,NaT,False,,,,,,,False,False,,,
140,asistencias,,,,,NaT,False,,,,,,,False,False,,,
141,asistencias,,,,,NaT,False,,,,,,,False,False,,,
142,asistencias,,,,,NaT,False,,,,,,,False,False,,,
143,asistencias,,,,,NaT,False,,,,,,,False,False,,,
144,asistencias,,,,,NaT,False,,,,,,,False,False,,,
145,asistencias,,,,,NaT,False,,,,,,,False,False,,,
146,asistencias,,,,,NaT,False,,,,,,,False,False,,,
147,asistencias,,,,,NaT,False,,,,,,,False,False,,,
148,asistencias,,,,,NaT,False,,,,,,,False,False,,,
149,asistencias,,,,,NaT,False,,,,,,,False,False,,,
150,asistencias,,,,,NaT,False,,,,,,,False,False,,,
151,asistencias,,,,,NaT,False,,,,,,,False,False,,,
152,asistencias,,,,,NaT,False,,,,,,,False,False,,,
153,asistencias,,,,,NaT,False,,,,,,,False,False,,,
154,asistencias,,,,,NaT,False,,,,,,,False,False,,,
155,asistencias,,,,,NaT,False,,,,,,,False,False,,,
156,asistencias,,,,,NaT,False,,,,,,,False,False,,,
157,asistencias,,,,,NaT,False,,,,,,,False,False,,,
158,asistencias,,,,,NaT,False,,,,,,,False,False,,,
159,asistencias,,,,,NaT,False,,,,,,,False,False,,,
160,asistencias,,,,,NaT,False,,,,,,,False,False,,,
161,asistencias,,,,,NaT,False,,,,,,,False,False,,,
162,asistencias,,,,,NaT,False,,,,,,,False,False,,,
163,asistencias,,,,,NaT,False,,,,,,,False,False,,,
164,asistencias,,,,,NaT,False,,,,,,,False,False,,,
165,asistencias,,,,,NaT,False,,,,,,,False,False,,,
166,asistencias,,,,,NaT,False,,,,,,,False,False,,,
167,asistencias,,,,,NaT,False,,,,,,,False,False,,,
168,asistencias,,,,,NaT,False,,,,,,,False,False,,,
169,asistencias,,,,,NaT,False,,,,,,,False,False,,,
170,asistencias,,,,,NaT,False,,,,,,,False,False,,,
171,asistencias,,,,,NaT,False,,,,,,,False,False,,,
172,asistencias,,,,,NaT,False,,,,,,,False,False,,,
173,asistencias,,,,,NaT,False,,,,,,,False,False,,,
174,asistencias,,,,,NaT,False,,,,,,,False,False,,,
175,asistencias,,,,,NaT,False,,,,,,,False,False,,,
176,asistencias,,,,,NaT,False,,,,,,,False,False,,,
177,asistencias,,,,,NaT,False,,,,,,,False,False,,,
178,asistencias,,,,,NaT,False,,,,,,,False,False,,,
179,asistencias,,,,,NaT,False,,,,,,,False,False,,,
180,asistencias,,,,,NaT,False,,,,,,,False,False,,,
181,asistencias,,,,,NaT,False,,,,,,,False,False,,,
182,asistencias,,,,,NaT,False,,,,,,,False,False,,,
183,asistencias,,,,,NaT,False,,,,,,,False,False,,,
184,asistencias,,,,,NaT,False,,,,,,,False,False,,,
185,asistencias,,,,,NaT,False,,,,,,,False,False,,,
186,asistencias,,,,,NaT,False,,,,,,,False,False,,,
187,asistencias,,,,,NaT,False,,,,,,,False,False,,,
188,asistencias,,,,,NaT,False,,,,,,,False,False,,,
189,asistencias,,,,,NaT,False,,,,,,,False,False,,,
190,asistencias,,,,,NaT,False,,,,,,,False,False,,,
191,asistencias,,,,,NaT,False,,,,,,,False,False,,,
192,asistencias,,,,,NaT,False,,,,,,,False,False,,,
193,asistencias,,,,,NaT,False,,,,,,,False,False,,,
194,asistencias,,,,,NaT,False,,,,,,,False,False,,,
195,asistencias,,,,,NaT,False,,,,,,,False,False,,,
196,asistencias,,,,,NaT,False,,,,,,,False,False,,,
197,asistencias,,,,,NaT,False,,,,,,,False,False,,,
198,asistencias,,,,,NaT,False,,,,,,,False,False,,,
199,asistencias,,,,,NaT,False,,,,,,,False,False,,,
200,asistencias,,,,,NaT,False,,,,,,,False,False,,,
201,asistencias,,,,,NaT,False,,,,,,,False,False,,,
202,asistencias,,,,,NaT,False,,,,,,,False,False,,,
203,asistencias,,,,,NaT,False,,,,,,,False,False,,,
204,asistencias,,,,,NaT,False,,,,,,,False,False,,,
205,asistencias,,,,,NaT,False,,,,,,,False,False,,,
206,asistencias,,,,,NaT,False,,,,,,,False,False,,,
207,asistencias,,,,,NaT,False,,,,,,,False,False,,,
208,asistencias,,,,,NaT,False,,,,,,,False,False,,,
209,asistencias,,,,,NaT,False,,,,,,,False,False,,,
210,asistencias,,,,,NaT,False,,,,,,,False,False,,,
211,asistencias,,,,,NaT,False,,,,,,,False,False,,,
212,asistencias,,,,,NaT,False,,,,,,,False,False,,,
213,asistencias,,,,,NaT,False,,,,,,,False,False,,,
214,asistencias,,,,,NaT,False,,,,,,,False,False,,,
215,asistencias,,,,,NaT,False,,,,,,,False,False,,,
216,asistencias,,,,,NaT,False,,,,,,,False,False,,,
217,asistencias,,,,,NaT,False,,,,,,,False,False,,,
218,asistencias,,,,,NaT,False,,,,,,,False,False,,,
219,asistencias,,,,,NaT,False,,,,,,,False,False,,,
220,asistencias,,,,,NaT,False,,,,,,,False,False,,,
221,asistencias,,,,,NaT,False,,,,,,,False,False,,,
222,asistencias,,,,,NaT,False,,,,,,,False,False,,,
223,asistencias,,,,,NaT,False,,,,,,,False,False,,,
224,asistencias,,,,,NaT,False,,,,,,,False,False,,,
225,asistencias,,,,,NaT,False,,,,,,,False,False,,,
226,asistencias,,,,,NaT,False,,,,,,,False,False,,,
227,asistencias,,,,,NaT,False,,,,,,,False,False,,,
228,asistencias,,,,,NaT,False,,,,,,,False,False,,,
229,asistencias,,,,,NaT,False,,,,,,,False,False,,,
230,asistencias,,,,,NaT,False,,,,,,,False,False,,,
231,asistencias,,,,,NaT,False,,,,,,,False,False,,,
232,asistencias,,,,,NaT,False,,,,,,,False,False,,,
233,asistencias,,,,,NaT,False,,,,,,,False,False,,,
234,asistencias,,,,,NaT,False,,,,,,,False,False,,,
235,asistencias,,,,,NaT,False,,,,,,,False,False,,,
236,asistencias,,,,,NaT,False,,,,,,,False,False,,,
237,asistencias,,,,,NaT,False,,,,,,,False,False,,,
238,asistencias,,,,,NaT,False,,,,,,,False,False,,,
239,asistencias,,,,,NaT,False,,,,,,,False,False,,,
240,asistencias,,,,,NaT,False,,,,,,,False,False,,,
241,asistencias,,,,,NaT,False,,,,,,,False,False,,,
242,asistencias,,,,,NaT,False,,,,,,,False,False,,,
243,asistencias,,,,,NaT,False,,,,,,,False,False,,,
244,asistencias,,,,,NaT,False,,,,,,,False,False,,,
245,asistencias,,,,,NaT,False,,,,,,,False,False,,,
246,asistencias,,,,,NaT,False,,,,,,,False,False,,,
247,asistencias,,,,,NaT,False,,,,,,,False,False,,,
248,asistencias,,,,,NaT,False,,,,,,,False,False,,,
249,asistencias,,,,,NaT,False,,,,,,,False,False,,,
250,asistencias,,,,,NaT,False,,,,,,,False,False,,,
251,asistencias,,,,,NaT,False,,,,,,,False,False,,,
252,asistencias,,,,,NaT,False,,,,,,,False,False,,,
253,asistencias,,,,,NaT,False,,,,,,,False,False,,,
254,asistencias,,,,,NaT,False,,,,,,,False,False,,,
255,asistencias,,,,,NaT,False,,,,,,,False,False,,,
256,asistencias,,,,,NaT,False,,,,,,,False,False,,,
257,asistencias,,,,,NaT,False,,,,,,,False,False,,,
258,asistencias,,,,,NaT,False,,,,,,,False,False,,,
259,asistencias,,,,,NaT,False,,,,,,,False,False,,,
260,asistencias,,,,,NaT,False,,,,,,,False,False,,,
261,asistencias,,,,,NaT,False,,,,,,,False,False,,,
262,asistencias,,,,,NaT,False,,,,,,,False,False,,,
263,asistencias,,,,,NaT,False,,,,,,,False,False,,,
264,asistencias,,,,,NaT,False,,,,,,,False,False,,,
265,asistencias,,,,,NaT,False,,,,,,,False,False,,,
266,asistencias,,,,,NaT,False,,,,,,,False,False,,,
267,asistencias,,,,,NaT,False,,,,,,,False,False,,,
268,asistencias,,,,,NaT,False,,,,,,,False,False,,,
269,asistencias,,,,,NaT,False,,,,,,,False,False,,,
270,asistencias,,,,,NaT,False,,,,,,,False,False,,,
271,asistencias,,,,,NaT,False,,,,,,,False,False,,,
272,asistencias,,,,,NaT,False,,,,,,,False,False,,,
273,asistencias,,,,,NaT,False,,,,,,,False,False,,,
274,asistencias,,,,,NaT,False,,,,,,,False,False,,,
275,asistencias,,,,,NaT,False,,,,,,,False,False,,,
276,asistencias,,,,,NaT,False,,,,,,,False,False,,,
277,asistencias,,,,,NaT,False,,,,,,,False,False,,,
278,asistencias,,,,,NaT,False,,,,,,,False,False,,,
279,asistencias,,,,,NaT,False,,,,,,,False,False,,,
280,asistencias,,,,,NaT,False,,,,,,,False,False,,,
281,asistencias,,,,,NaT,False,,,,,,,False,False,,,
282,asistencias,,,,,NaT,False,,,,,,,False,False,,,
283,asistencias,,,,,NaT,False,,,,,,,False,False,,,
284,asistencias,,,,,NaT,False,,,,,,,False,False,,,
285,asistencias,,,,,NaT,False,,,,,,,False,False,,,
286,asistencias,,,,,NaT,False,,,,,,,False,False,,,
287,asistencias,,,,,NaT,False,,,,,,,False,False,,,
288,asistencias,,,,,NaT,False,,,,,,,False,False,,,
289,asistencias,,,,,NaT,False,,,,,,,False,False,,,
290,asistencias,,,,,NaT,False,,,,,,,False,False,,,
291,asistencias,,,,,NaT,False,,,,,,,False,False,,,
292,asistencias,,,,,NaT,False,,,,,,,False,False,,,
293,asistencias,,,,,NaT,False,,,,,,,False,False,,,
294,asistencias,,,,,NaT,False,,,,,,,False,False,,,
295,asistencias,,,,,NaT,False,,,,,,,False,False,,,
296,asistencias,,,,,NaT,False,,,,,,,False,False,,,
297,asistencias,,,,,NaT,False,,,,,,,False,False,,,
298,asistencias,,,,,NaT,False,,,,,,,False,False,,,
299,asistencias,,,,,NaT,False,,,,,,,False,False,,,
300,asistencias,,,,,NaT,False,,,,,,,False,False,,,
301,asistencias,,,,,NaT,False,,,,,,,False,False,,,
302,asistencias,,,,,NaT,False,,,,,,,False,False,,,
303,asistencias,,,,,NaT,False,,,,,,,False,False,,,
304,asistencias,,,,,NaT,False,,,,,,,False,False,,,
305,asistencias,,,,,NaT,False,,,,,,,False,False,,,
306,asistencias,,,,,NaT,False,,,,,,,False,False,,,
307,asistencias,,,,,NaT,False,,,,,,,False,False,,,
308,asistencias,,,,,NaT,False,,,,,,,False,False,,,
309,asistencias,,,,,NaT,False,,,,,,,False,False,,,
310,asistencias,,,,,NaT,False,,,,,,,False,False,,,
311,asistencias,,,,,NaT,False,,,,,,,False,False,,,
312,asistencias,,,,,NaT,False,,,,,,,False,False,,,
313,asistencias,,,,,NaT,False,,,,,,,False,False,,,
314,asistencias,,,,,NaT,False,,,,,,,False,False,,,
315,asistencias,,,,,NaT,False,,,,,,,False,False,,,
316,asistencias,,,,,NaT,False,,,,,,,False,False,,,
317,asistencias,,,,,NaT,False,,,,,,,False,False,,,
318,asistencias,,,,,NaT,False,,,,,,,False,False,,,
319,asistencias,,,,,NaT,False,,,,,,,False,False,,,
320,asistencias,,,,,NaT,False,,,,,,,False,False,,,
321,asistencias,,,,,NaT,False,,,,,,,False,False,,,
322,asistencias,,,,,NaT,False,,,,,,,False,False,,,
323,asistencias,,,,,NaT,False,,,,,,,False,False,,,
324,asistencias,,,,,NaT,False,,,,,,,False,False,,,
325,asistencias,,,,,NaT,False,,,,,,,False,False,,,
326,asistencias,,,,,NaT,False,,,,,,,False,False,,,
327,asistencias,,,,,NaT,False,,,,,,,False,False,,,
328,asistencias,,,,,NaT,False,,,,,,,False,False,,,
329,asistencias,,,,,NaT,False,,,,,,,False,False,,,
330,asistencias,,,,,NaT,False,,,,,,,False,False,,,
331,asistencias,,,,,NaT,False,,,,,,,False,False,,,
332,asistencias,,,,,NaT,False,,,,,,,False,False,,,
333,asistencias,,,,,NaT,False,,,,,,,False,False,,,
334,asistencias,,,,,NaT,False,,,,,,,False,False,,,
335,asistencias,,,,,NaT,False,,,,,,,False,False,,,
336,asistencias,,,,,NaT,False,,,,,,,False,False,,,
337,asistencias,,,,,NaT,False,,,,,,,False,False,,,
338,asistencias,,,,,NaT,False,,,,,,,False,False,,,
339,asistencias,,,,,NaT,False,,,,,,,False,False,,,
340,asistencias,,,,,NaT,False,,,,,,,False,False,,,
341,asistencias,,,,,NaT,False,,,,,,,False,False,,,
342,asistencias,,,,,NaT,False,,,,,,,False,False,,,
343,asistencias,,,,,NaT,False,,,,,,,False,False,,,
344,asistencias,,,,,NaT,False,,,,,,,False,False,,,
345,asistencias,,,,,NaT,False,,,,,,,False,False,,,
346,asistencias,,,,,NaT,False,,,,,,,False,False,,,
347,asistencias,,,,,NaT,False,,,,,,,False,False,,,
348,asistencias,,,,,NaT,False,,,,,,,False,False,,,
349,asistencias,,,,,NaT,False,,,,,,,False,False,,,
350,asistencias,,,,,NaT,False,,,,,,,False,False,,,
351,asistencias,,,,,NaT,False,,,,,,,False,False,,,
352,asistencias,,,,,NaT,False,,,,,,,False,False,,,
353,asistencias,,,,,NaT,False,,,,,,,False,False,,,
354,asistencias,,,,,NaT,False,,,,,,,False,False,,,
355,asistencias,,,,,NaT,False,,,,,,,False,False,,,
356,asistencias,,,,,NaT,False,,,,,,,False,False,,,
357,asistencias,,,,,NaT,False,,,,,,,False,False,,,
358,asistencias,,,,,NaT,False,,,,,,,False,False,,,
359,asistencias,,,,,NaT,False,,,,,,,False,False,,,
360,asistencias,,,,,NaT,False,,,,,,,False,False,,,
361,asistencias,,,,,NaT,False,,,,,,,False,False,,,
362,asistencias,,,,,NaT,False,,,,,,,False,False,,,
363,asistencias,,,,,NaT,False,,,,,,,False,False,,,
364,asistencias,,,,,NaT,False,,,,,,,False,False,,,
365,asistencias,,,,,NaT,False,,,,,,,False,False,,,
366,asistencias,,,,,NaT,False,,,,,,,False,False,,,
367,asistencias,,,,,NaT,False,,,,,,,False,False,,,
368,asistencias,,,,,NaT,False,,,,,,,False,False,,,
369,asistencias,,,,,NaT,False,,,,,,,False,False,,,
370,asistencias,,,,,NaT,False,,,,,,,False,False,,,
371,asistencias,,,,,NaT,False,,,,,,,False,False,,,
372,asistencias,,,,,NaT,False,,,,,,,False,False,,,
373,asistencias,,,,,NaT,False,,,,,,,False,False,,,
374,asistencias,,,,,NaT,False,,,,,,,False,False,,,
375,asistencias,,,,,NaT,False,,,,,,,False,False,,,
376,asistencias,,,,,NaT,False,,,,,,,False,False,,,
377,asistencias,,,,,NaT,False,,,,,,,False,False,,,
378,asistencias,,,,,NaT,False,,,,,,,False,False,,,
379,asistencias,,,,,NaT,False,,,,,,,False,False,,,
380,asistencias,,,,,NaT,False,,,,,,,False,False,,,
381,asistencias,,,,,NaT,False,,,,,,,False,False,,,
382,asistencias,,,,,NaT,False,,,,,,,False,False,,,
383,asistencias,,,,,NaT,False,,,,,,,False,False,,,
384,asistencias,,,,,NaT,False,,,,,,,False,False,,,
385,asistencias,,,,,NaT,False,,,,,,,False,False,,,
386,asistencias,,,,,NaT,False,,,,,,,False,False,,,
387,asistencias,,,,,NaT,False,,,,,,,False,False,,,
388,asistencias,,,,,NaT,False,,,,,,,False,False,,,
389,asistencias,,,,,NaT,False,,,,,,,False,False,,,
390,asistencias,,,,,NaT,False,,,,,,,False,False,,,
391,asistencias,,,,,NaT,False,,,,,,,False,False,,,
392,asistencias,,,,,NaT,False,,,,,,,False,False,,,
393,asistencias,,,,,NaT,False,,,,,,,False,False,,,
394,asistencias,,,,,NaT,False,,,,,,,False,False,,,
395,asistencias,,,,,NaT,False,,,,,,,False,False,,,
396,asistencias,,,,,NaT,False,,,,,,,False,False,,,
397,asistencias,,,,,NaT,False,,,,,,,False,False,,,
398,asistencias,,,,,NaT,False,,,,,,,False,False,,,
399,asistencias,,,,,NaT,False,,,,,,,False,False,,,
400,asistencias,,,,,NaT,False,,,,,,,False,False,,,
401,asistencias,,,,,NaT,False,,,,,,,False,False,,,
402,asistencias,,,,,NaT,False,,,,,,,False,False,,,
403,asistencias,,,,,NaT,False,,,,,,,False,False,,,
404,asistencias,,,,,NaT,False,,,,,,,False,False,,,
405,asistencias,,,,,NaT,False,,,,,,,False,False,,,
406,asistencias,,,,,NaT,False,,,,,,,False,False,,,
407,asistencias,,,,,NaT,False,,,,,,,False,False,,,
408,asistencias,,,,,NaT,False,,,,,,,False,False,,,
409,asistencias,,,,,NaT,False,,,,,,,False,False,,,
410,asistencias,,,,,NaT,False,,,,,,,False,False,,,
411,asistencias,,,,,NaT,False,,,,,,,False,False,,,
412,asistencias,,,,,NaT,False,,,,,,,False,False,,,
413,asistencias,,,,,NaT,False,,,,,,,False,False,,,
414,asistencias,,,,,NaT,False,,,,,,,False,False,,,
415,asistencias,,,,,NaT,False,,,,,,,False,False,,,
416,asistencias,,,,,NaT,False,,,,,,,False,False,,,
417,asistencias,,,,,NaT,False,,,,,,,False,False,,,
418,asistencias,,,,,NaT,False,,,,,,,False,False,,,
419,asistencias,,,,,NaT,False,,,,,,,False,False,,,
420,asistencias,,,,,NaT,False,,,,,,,False,False,,,
421,asistencias,,,,,NaT,False,,,,,,,False,False,,,
422,asistencias,,,,,NaT,False,,,,,,,False,False,,,
423,asistencias,,,,,NaT,False,,,,,,,False,False,,,
424,asistencias,,,,,NaT,False,,,,,,,False,False,,,
425,asistencias,,,,,NaT,False,,,,,,,False,False,,,
426,asistencias,,,,,NaT,False,,,,,,,False,False,,,
427,asistencias,,,,,NaT,False,,,,,,,False,False,,,
428,asistencias,,,,,NaT,False,,,,,,,False,False,,,
429,asistencias,,,,,NaT,False,,,,,,,False,False,,,
430,asistencias,,,,,NaT,False,,,,,,,False,False,,,
431,asistencias,,,,,NaT,False,,,,,,,False,False,,,
432,asistencias,,,,,NaT,False,,,,,,,False,False,,,
433,asistencias,,,,,NaT,False,,,,,,,False,False,,,
434,asistencias,,,,,NaT,False,,,,,,,False,False,,,
435,asistencias,,,,,NaT,False,,,,,,,False,False,,,
436,asistencias,,,,,NaT,False,,,,,,,False,False,,,
437,asistencias,,,,,NaT,False,,,,,,,False,False,,,
438,asistencias,,,,,NaT,False,,,,,,,False,False,,,
439,asistencias,,,,,NaT,False,,,,,,,False,False,,,
440,asistencias,,,,,NaT,False,,,,,,,False,False,,,
441,asistencias,,,,,NaT,False,,,,,,,False,False,,,
442,asistencias,,,,,NaT,False,,,,,,,False,False,,,
443,asistencias,,,,,NaT,False,,,,,,,False,False,,,
444,asistencias,,,,,NaT,False,,,,,,,False,False,,,
445,asistencias,,,,,NaT,False,,,,,,,False,False,,,
446,asistencias,,,,,NaT,False,,,,,,,False,False,,,
447,asistencias,,,,,NaT,False,,,,,,,False,False,,,
448,asistencias,,,,,NaT,False,,,,,,,False,False,,,
449,asistencias,,,,,NaT,False,,,,,,,False,False,,,
450,asistencias,,,,,NaT,False,,,,,,,False,False,,,
451,asistencias,,,,,NaT,False,,,,,,,False,False,,,
452,asistencias,,,,,NaT,False,,,,,,,False,False,,,
453,asistencias,,,,,NaT,False,,,,,,,False,False,,,
454,asistencias,,,,,NaT,False,,,,,,,False,False,,,
455,asistencias,,,,,NaT,False,,,,,,,False,False,,,
456,asistencias,,,,,NaT,False,,,,,,,False,False,,,
457,asistencias,,,,,NaT,False,,,,,,,False,False,,,
458,asistencias,,,,,NaT,False,,,,,,,False,False,,,
459,asistencias,,,,,NaT,False,,,,,,,False,False,,,
460,asistencias,,,,,NaT,False,,,,,,,False,False,,,
461,asistencias,,,,,NaT,False,,,,,,,False,False,,,
462,asistencias,,,,,NaT,False,,,,,,,False,False,,,
463,asistencias,,,,,NaT,False,,,,,,,False,False,,,
464,asistencias,,,,,NaT,False,,,,,,,False,False,,,
465,asistencias,,,,,NaT,False,,,,,,,False,False,,,
466,asistencias,,,,,NaT,False,,,,,,,False,False,,,
467,asistencias,,,,,NaT,False,,,,,,,False,False,,,
468,asistencias,,,,,NaT,False,,,,,,,False,False,,,
469,asistencias,,,,,NaT,False,,,,,,,False,False,,,
470,asistencias,,,,,NaT,False,,,,,,,False,False,,,
471,asistencias,,,,,NaT,False,,,,,,,False,False,,,
472,asistencias,,,,,NaT,False,,,,,,,False,False,,,
473,asistencias,,,,,NaT,False,,,,,,,False,False,,,
474,asistencias,,,,,NaT,False,,,,,,,False,False,,,
475,asistencias,,,,,NaT,False,,,,,,,False,False,,,
476,asistencias,,,,,NaT,False,,,,,,,False,False,,,
477,asistencias,,,,,NaT,False,,,,,,,False,False,,,
478,asistencias,,,,,NaT,False,,,,,,,False,False,,,
479,asistencias,,,,,NaT,False,,,,,,,False,False,,,
480,asistencias,,,,,NaT,False,,,,,,,False,False,,,
481,asistencias,,,,,NaT,False,,,,,,,False,False,,,
482,asistencias,,,,,NaT,False,,,,,,,False,False,,,
483,asistencias,,,,,NaT,False,,,,,,,False,False,,,
484,asistencias,,,,,NaT,False,,,,,,,False,False,,,
485,asistencias,,,,,NaT,False,,,,,,,False,False,,,
486,asistencias,,,,,NaT,False,,,,,,,False,False,,,
487,asistencias,,,,,NaT,False,,,,,,,False,False,,,
488,asistencias,,,,,NaT,False,,,,,,,False,False,,,
489,asistencias,,,,,NaT,False,,,,,,,False,False,,,
490,asistencias,,,,,NaT,False,,,,,,,False,False,,,
491,asistencias,,,,,NaT,False,,,,,,,False,False,,,
492,asistencias,,,,,NaT,False,,,,,,,False,False,,,
493,asistencias,,,,,NaT,False,,,,,,,False,False,,,
494,asistencias,,,,,NaT,False,,,,,,,False,False,,,
495,asistencias,,,,,NaT,False,,,,,,,False,False,,,
496,asistencias,,,,,NaT,False,,,,,,,False,False,,,
497,asistencias,,,,,NaT,False,,,,,,,False,False,,,
498,asistencias,,,,,NaT,False,,,,,,,False,False,,,
499,asistencias,,,,,NaT,False,,,,,,,False,False,,,
500,asistencias,,,,,NaT,False,,,,,,,False,False,,,
501,asistencias,,,,,NaT,False,,,,,,,False,False,,,
502,asistencias,,,,,NaT,False,,,,,,,False,False,,,
503,asistencias,,,,,NaT,False,,,,,,,False,False,,,
504,asistencias,,,,,NaT,False,,,,,,,False,False,,,
505,asistencias,,,,,NaT,False,,,,,,,False,False,,,
506,asistencias,,,,,NaT,False,,,,,,,False,False,,,
507,asistencias,,,,,NaT,False,,,,,,,False,False,,,
508,asistencias,,,,,NaT,False,,,,,,,False,False,,,
509,asistencias,,,,,NaT,False,,,,,,,False,False,,,
510,asistencias,,,,,NaT,False,,,,,,,False,False,,,
511,asistencias,,,,,NaT,False,,,,,,,False,False,,,
512,asistencias,,,,,NaT,False,,,,,,,False,False,,,
513,asistencias,,,,,NaT,False,,,,,,,False,False,,,
514,asistencias,,,,,NaT,False,,,,,,,False,False,,,
515,asistencias,,,,,NaT,False,,,,,,,False,False,,,
516,asistencias,,,,,NaT,False,,,,,,,False,False,,,
517,asistencias,,,,,NaT,False,,,,,,,False,False,,,
518,asistencias,,,,,NaT,False,,,,,,,False,False,,,
519,asistencias,,,,,NaT,False,,,,,,,False,False,,,
520,asistencias,,,,,NaT,False,,,,,,,False,False,,,
521,asistencias,,,,,NaT,False,,,,,,,False,False,,,
522,asistencias,,,,,NaT,False,,,,,,,False,False,,,
523,asistencias,,,,,NaT,False,,,,,,,False,False,,,
524,asistencias,,,,,NaT,False,,,,,,,False,False,,,
525,asistencias,,,,,NaT,False,,,,,,,False,False,,,
526,asistencias,,,,,NaT,False,,,,,,,False,False,,,
527,asistencias,,,,,NaT,False,,,,,,,False,False,,,
528,asistencias,,,,,NaT,False,,,,,,,False,False,,,
529,asistencias,,,,,NaT,False,,,,,,,False,False,,,
530,asistencias,,,,,NaT,False,,,,,,,False,False,,,
531,asistencias,,,,,NaT,False,,,,,,,False,False,,,
532,asistencias,,,,,NaT,False,,,,,,,False,False,,,
533,asistencias,,,,,NaT,False,,,,,,,False,False,,,
534,asistencias,,,,,NaT,False,,,,,,,False,False,,,
535,asistencias,,,,,NaT,False,,,,,,,False,False,,,
536,asistencias,,,,,NaT,False,,,,,,,False,False,,,
537,asistencias,,,,,NaT,False,,,,,,,False,False,,,
538,asistencias,,,,,NaT,False,,,,,,,False,False,,,
539,asistencias,,,,,NaT,False,,,,,,,False,False,,,
540,asistencias,,,,,NaT,False,,,,,,,False,False,,,
541,asistencias,,,,,NaT,False,,,,,,,False,False,,,
542,asistencias,,,,,NaT,False,,,,,,,False,False,,,
543,asistencias,,,,,NaT,False,,,,,,,False,False,,,
544,asistencias,,,,,NaT,False,,,,,,,False,False,,,
545,asistencias,,,,,NaT,False,,,,,,,False,False,,,
546,asistencias,,,,,NaT,False,,,,,,,False,False,,,
547,asistencias,,,,,NaT,False,,,,,,,False,False,,,
548,asistencias,,,,,NaT,False,,,,,,,False,False,,,
549,asistencias,,,,,NaT,False,,,,,,,False,False,,,
550,asistencias,,,,,NaT,False,,,,,,,False,False,,,
551,asistencias,,,,,NaT,False,,,,,,,False,False,,,
552,asistencias,,,,,NaT,False,,,,,,,False,False,,,
553,asistencias,,,,,NaT,False,,,,,,,False,False,,,
554,asistencias,,,,,NaT,False,,,,,,,False,False,,,
555,asistencias,,,,,NaT,False,,,,,,,False,False,,,
556,asistencias,,,,,NaT,False,,,,,,,False,False,,,
557,asistencias,,,,,NaT,False,,,,,,,False,False,,,
558,asistencias,,,,,NaT,False,,,,,,,False,False,,,
559,asistencias,,,,,NaT,False,,,,,,,False,False,,,
560,asistencias,,,,,NaT,False,,,,,,,False,False,,,
561,asistencias,,,,,NaT,False,,,,,,,False,False,,,
562,asistencias,,,,,NaT,False,,,,,,,False,False,,,
563,asistencias,,,,,NaT,False,,,,,,,False,False,,,
564,asistencias,,,,,NaT,False,,,,,,,False,False,,,
565,asistencias,,,,,NaT,False,,,,,,,False,False,,,
566,asistencias,,,,,NaT,False,,,,,,,False,False,,,
567,asistencias,,,,,NaT,False,,,,,,,False,False,,,
568,asistencias,,,,,NaT,False,,,,,,,False,False,,,
569,asistencias,,,,,NaT,False,,,,,,,False,False,,,
570,asistencias,,,,,NaT,False,,,,,,,False,False,,,
571,asistencias,,,,,NaT,False,,,,,,,False,False,,,
572,asistencias,,,,,NaT,False,,,,,,,False,False,,,
573,asistencias,,,,,NaT,False,,,,,,,False,False,,,
574,asistencias,,,,,NaT,False,,,,,,,False,False,,,
575,asistencias,,,,,NaT,False,,,,,,,False,False,,,
576,asistencias,,,,,NaT,False,,,,,,,False,False,,,
577,asistencias,,,,,NaT,False,,,,,,,False,False,,,
578,asistencias,,,,,NaT,False,,,,,,,False,False,,,
579,asistencias,,,,,NaT,False,,,,,,,False,False,,,
580,asistencias,,,,,NaT,False,,,,,,,False,False,,,
581,asistencias,,,,,NaT,False,,,,,,,False,False,,,
582,asistencias,,,,,NaT,False,,,,,,,False,False,,,
583,asistencias,,,,,NaT,False,,,,,,,False,False,,,
584,asistencias,,,,,NaT,False,,,,,,,False,False,,,
585,asistencias,,,,,NaT,False,,,,,,,False,False,,,
586,asistencias,,,,,NaT,False,,,,,,,False,False,,,
587,asistencias,,,,,NaT,False,,,,,,,False,False,,,
588,asistencias,,,,,NaT,False,,,,,,,False,False,,,
589,asistencias,,,,,NaT,False,,,,,,,False,False,,,
590,asistencias,,,,,NaT,False,,,,,,,False,False,,,
591,asistencias,,,,,NaT,False,,,,,,,False,False,,,
592,asistencias,,,,,NaT,False,,,,,,,False,False,,,
593,asistencias,,,,,NaT,False,,,,,,,False,False,,,
594,asistencias,,,,,NaT,False,,,,,,,False,False,,,
595,asistencias,,,,,NaT,False,,,,,,,False,False,,,
596,asistencias,,,,,NaT,False,,,,,,,False,False,,,
597,asistencias,,,,,NaT,False,,,,,,,False,False,,,
598,asistencias,,,,,NaT,False,,,,,,,False,False,,,
599,asistencias,,,,,NaT,False,,,,,,,False,False,,,
600,asistencias,,,,,NaT,False,,,,,,,False,False,,,
601,asistencias,,,,,NaT,False,,,,,,,False,False,,,
602,asistencias,,,,,NaT,False,,,,,,,False,False,,,
603,asistencias,,,,,NaT,False,,,,,,,False,False,,,
604,asistencias,,,,,NaT,False,,,,,,,False,False,,,
605,asistencias,,,,,NaT,False,,,,,,,False,False,,,
606,asistencias,,,,,NaT,False,,,,,,,False,False,,,
607,asistencias,,,,,NaT,False,,,,,,,False,False,,,
608,asistencias,,,,,NaT,False,,,,,,,False,False,,,
609,asistencias,,,,,NaT,False,,,,,,,False,False,,,
610,asistencias,,,,,NaT,False,,,,,,,False,False,,,
611,asistencias,,,,,NaT,False,,,,,,,False,False,,,
612,asistencias,,,,,NaT,False,,,,,,,False,False,,,
613,asistencias,,,,,NaT,False,,,,,,,False,False,,,
614,asistencias,,,,,NaT,False,,,,,,,False,False,,,
615,asistencias,,,,,NaT,False,,,,,,,False,False,,,
616,asistencias,,,,,NaT,False,,,,,,,False,False,,,
617,asistencias,,,,,NaT,False,,,,,,,False,False,,,
618,asistencias,,,,,NaT,False,,,,,,,False,False,,,
619,asistencias,,,,,NaT,False,,,,,,,False,False,,,
620,asistencias,,,,,NaT,False,,,,,,,False,False,,,
621,asistencias,,,,,NaT,False,,,,,,,False,False,,,
622,asistencias,,,,,NaT,False,,,,,,,False,False,,,
623,asistencias,,,,,NaT,False,,,,,,,False,False,,,
624,asistencias,,,,,NaT,False,,,,,,,False,False,,,
625,asistencias,,,,,NaT,False,,,,,,,False,False,,,
626,asistencias,,,,,NaT,False,,,,,,,False,False,,,
627,asistencias,,,,,NaT,False,,,,,,,False,False,,,
628,asistencias,,,,,NaT,False,,,,,,,False,False,,,
629,asistencias,,,,,NaT,False,,,,,,,False,False,,,
630,asistencias,,,,,NaT,False,,,,,,,False,False,,,
631,asistencias,,,,,NaT,False,,,,,,,False,False,,,
632,asistencias,,,,,NaT,False,,,,,,,False,False,,,
633,asistencias,,,,,NaT,False,,,,,,,False,False,,,
634,asistencias,,,,,NaT,False,,,,,,,False,False,,,
635,asistencias,,,,,NaT,False,,,,,,,False,False,,,
636,asistencias,,,,,NaT,False,,,,,,,False,False,,,
637,asistencias,,,,,NaT,False,,,,,,,False,False,,,
638,asistencias,,,,,NaT,False,,,,,,,False,False,,,
639,asistencias,,,,,NaT,False,,,,,,,False,False,,,
640,asistencias,,,,,NaT,False,,,,,,,False,False,,,
641,asistencias,,,,,NaT,False,,,,,,,False,False,,,
642,asistencias,,,,,NaT,False,,,,,,,False,False,,,
643,asistencias,,,,,NaT,False,,,,,,,False,False,,,
644,asistencias,,,,,NaT,False,,,,,,,False,False,,,
645,asistencias,,,,,NaT,False,,,,,,,False,False,,,
646,asistencias,,,,,NaT,False,,,,,,,False,False,,,
647,asistencias,,,,,NaT,False,,,,,,,False,False,,,
648,asistencias,,,,,NaT,False,,,,,,,False,False,,,
649,asistencias,,,,,NaT,False,,,,,,,False,False,,,
650,asistencias,,,,,NaT,False,,,,,,,False,False,,,
651,asistencias,,,,,NaT,False,,,,,,,False,False,,,
652,asistencias,,,,,NaT,False,,,,,,,False,False,,,
653,asistencias,,,,,NaT,False,,,,,,,False,False,,,
654,asistencias,,,,,NaT,False,,,,,,,False,False,,,
655,asistencias,,,,,NaT,False,,,,,,,False,False,,,
656,asistencias,,,,,NaT,False,,,,,,,False,False,,,
657,asistencias,,,,,NaT,False,,,,,,,False,False,,,
658,asistencias,,,,,NaT,False,,,,,,,False,False,,,
659,asistencias,,,,,NaT,False,,,,,,,False,False,,,
660,asistencias,,,,,NaT,False,,,,,,,False,False,,,
661,asistencias,,,,,NaT,False,,,,,,,False,False,,,
662,asistencias,,,,,NaT,False,,,,,,,False,False,,,
663,asistencias,,,,,NaT,False,,,,,,,False,False,,,
664,asistencias,,,,,NaT,False,,,,,,,False,False,,,
665,asistencias,,,,,NaT,False,,,,,,,False,False,,,
666,asistencias,,,,,NaT,False,,,,,,,False,False,,,
667,asistencias,,,,,NaT,False,,,,,,,False,False,,,
668,asistencias,,,,,NaT,False,,,,,,,False,False,,,
669,asistencias,,,,,NaT,False,,,,,,,False,False,,,
670,asistencias,,,,,NaT,False,,,,,,,False,False,,,
671,asistencias,,,,,NaT,False,,,,,,,False,False,,,
672,asistencias,,,,,NaT,False,,,,,,,False,False,,,
673,asistencias,,,,,NaT,False,,,,,,,False,False,,,
674,asistencias,,,,,NaT,False,,,,,,,False,False,,,
675,asistencias,,,,,NaT,False,,,,,,,False,False,,,
676,asistencias,,,,,NaT,False,,,,,,,False,False,,,
677,asistencias,,,,,NaT,False,,,,,,,False,False,,,
678,asistencias,,,,,NaT,False,,,,,,,False,False,,,
679,asistencias,,,,,NaT,False,,,,,,,False,False,,,
680,asistencias,,,,,NaT,False,,,,,,,False,False,,,
681,asistencias,,,,,NaT,False,,,,,,,False,False,,,
682,asistencias,,,,,NaT,False,,,,,,,False,False,,,
683,asistencias,,,,,NaT,False,,,,,,,False,False,,,
684,asistencias,,,,,NaT,False,,,,,,,False,False,,,
685,asistencias,,,,,NaT,False,,,,,,,False,False,,,
686,asistencias,,,,,NaT,False,,,,,,,False,False,,,
687,asistencias,,,,,NaT,False,,,,,,,False,False,,,
688,asistencias,,,,,NaT,False,,,,,,,False,False,,,
689,asistencias,,,,,NaT,False,,,,,,,False,False,,,
690,asistencias,,,,,NaT,False,,,,,,,False,False,,,
691,asistencias,,,,,NaT,False,,,,,,,False,False,,,
692,asistencias,,,,,NaT,False,,,,,,,False,False,,,
693,asistencias,,,,,NaT,False,,,,,,,False,False,,,
694,asistencias,,,,,NaT,False,,,,,,,False,False,,,
695,asistencias,,,,,NaT,False,,,,,,,False,False,,,
696,asistencias,,,,,NaT,False,,,,,,,False,False,,,
697,asistencias,,,,,NaT,False,,,,,,,False,False,,,
698,asistencias,,,,,NaT,False,,,,,,,False,False,,,
699,asistencias,,,,,NaT,False,,,,,,,False,False,,,
700,asistencias,,,,,NaT,False,,,,,,,False,False,,,
701,asistencias,,,,,NaT,False,,,,,,,False,False,,,
702,asistencias,,,,,NaT,False,,,,,,,False,False,,,
703,asistencias,,,,,NaT,False,,,,,,,False,False,,,
704,asistencias,,,,,NaT,False,,,,,,,False,False,,,
705,asistencias,,,,,NaT,False,,,,,,,False,False,,,
706,asistencias,,,,,NaT,False,,,,,,,False,False,,,
707,asistencias,,,,,NaT,False,,,,,,,False,False,,,
