row_number,module_name,fecha,anio,mes_num,mes_nombre,periodo,registro_valido,estado_fila_norm,row_alert_municipio_missing,row_alert_estado_incompleto,modalidad,tipo_actividad,participantes_totales,n_tecnicos,n_operarios,n_otro_personal,instituciones_participantes,observaciones,municipios,temas,temas_nucleo,has_core_theme
1,capacitaciones,2026-01-25,2026,1,Enero,2026-01,True,INCOMPLETA,True,True,Presencial,Capacitación en saneamiento ambiental,5.0,5.0,0.0,0.0,EPC-AALA,Equipo técnico EPC sobre módulos del material didactico.,,Cumplimiento legal ambiental y saneamiento | Saneamiento ambiental,Cumplimiento legal ambiental y saneamiento,True
2,capacitaciones,2026-01-31,2026,1,Enero,2026-01,True,INCOMPLETA,True,True,Presencial,Capacitación en cumplimiento legal ambiental,13.0,13.0,0.0,0.0,MUNICIPALIDADES,"PIRDES, ACUERDO 164 PLANES INTEGRALES",,Cumplimiento legal ambiental y saneamiento,Cumplimiento legal ambiental y saneamiento,True
3,capacitaciones,,,,,NaT,False,,False,False,,,0.0,,,,,,,,,False
4,capacitaciones,,,,,NaT,False,,False,False,,,0.0,,,,,,,,,False
5,capacitaciones,,,,,NaT,False,,False,False,,,0.0,,,,,,,,,False
6,capacitaciones,,,,,NaT,False,,False,False,,,0.0,,,,,,,,,False
7,capacitaciones,,,,,NaT,False,,False,False,,,0.0,,,,,,,,,False
8,capacitaciones,,,,,NaT,False,,False,False,,,0.0,,,,,,,,,False
9,capacitaciones,,,,,NaT,False,,False,False,,,0.0,,,,,,,,,False
10,capacitaciones,,,,,NaT,False,,False,False,,,0.0,,,,,,,,,False
11,capacitaciones,,,,,NaT,False,,False,False,,,0.0,,,,,,,,,False
12,capacitaciones,,,,,NaT,False,,False,False,,,0.0,,,,,,,,,False
13,capacitaciones,,,,,NaT,False,,False,False,,,0.0,,,,,,,,,False
14,capacitaciones,,,,,NaT,False,,False,False,,,0.0,,,,,,,,,False
15,capacitaciones,,,,,NaT,False,,False,False,,,0.0,,,,,,,,,False
16,capacitaciones,,,,,NaT,False,,False,False,,,0.0,,,,,,,,,False
17,capacitaciones,,,,,NaT,False,,False,False,,,0.0,,,,,,,,,False
18,capacitaciones,,,,,NaT,False,,False,False,,,0.0,,,,,,,,,False
19,capacitaciones,,,,,NaT,False,,False,False,,,0.0,,,,,,,,,False
20,capacitaciones,,,,,NaT,False,,False,False,,,0.0,,,,,,,,,False
21,capacitaciones,,,,,NaT,False,,False,False,,,0.0,,,,,,,,,False
22,capacitaciones,,,,,NaT,False,,False,False,,,0.0,,,,,,,,,False
23,capacitaciones,,,,,NaT,False,,False,False,,,0.0,,,,,,,,,False
24,capacitaciones,,,,,NaT,False,,False,False,,,0.0,,,,,,,,,False
25,capacitaciones,,,,,NaT,False,,False,False,,,0.0,,,,,,,,,False
26,capacitaciones,,,,,NaT,False,,False,False,,,0.0,,,,,,,,,False
27,capacitaciones,,,,,NaT,False,,False,False,,,0.0,,,,,,,,,False
28,capacitaciones,,,,,NaT,False,,False,False,,,0.0,,,,,,,,,False
29,capacitaciones,,,,,NaT,False,,False,False,,,0.0,,,,,,,,,False
30,capacitaciones,,,,,NaT,False,,False,False,,,0.0,,,,,,,,,False
31,capacitaciones,,,,,NaT,False,,False,False,,,0.0,,,,,,,,,False
32,capacitaciones,,,,,NaT,False,,False,False,,,0.0,,,,,,,,,False
33,capacitaciones,,,,,NaT,False,,False,False,,,0.0,,,,,,,,,False
34,capacitaciones,,,,,NaT,False,,False,False,,,0.0,,,,,,,,,False
35,capacitaciones,,,,,NaT,False,,False,False,,,0.0,,,,,,,,,False
36,capacitaciones,,,,,NaT,False,,False,False,,,0.0,,,,,,,,,False
37,capacitaciones,,,,,NaT,False,,False,False,,,0.0,,,,,,,,,False
38,capacitaciones,,,,,NaT,False,,False,False,,,0.0,,,,,,,,,False
39,capacitaciones,,,,,NaT,False,,False,False,,,0.0,,,,,,,,,False
40,capacitaciones,,,,,NaT,False,,False,False,,,0.0,,,,,,,,,False
41,capacitaciones,,,,,NaT,False,,False,False,,,0.0,,,,,,,,,False
42,capacitaciones,,,,,NaT,False,,False,False,,,0.0,,,,,,,,,False
43,capacitaciones,,,,,NaT,False,,False,False,,,0.0,,,,,,,,,False
44,capacitaciones,,,,,NaT,False,,False,False,,,0.0,,,,,,,,,False
45,capacitaciones,,,,,NaT,False,,False,False,,,0.0,,,,,,,,,False
46,capacitaciones,,,,,NaT,False,,False,False,,,0.0,,,,,,,,,False
47,capacitaciones,,,,,NaT,False,,False,False,,,0.0,,,,,,,,,False
48,capacitaciones,,,,,NaT,False,,False,False,,,0.0,,,,,,,,,False
49,capacitaciones,,,,,NaT,False,,False,False,,,0.0,,,,,,,,,False
50,capacitaciones,,,,,NaT,False,,False,False,,,0.0,,,,,,,,,False
51,capacitaciones,,,,,NaT,False,,False,False,,,0.0,,,,,,,,,False
52,capacitaciones,,,,,NaT,False,,False,False,,,0.0,,,,,,,,,False
53,capacitaciones,,,,,NaT,False,,False,False,,,0.0,,,,,,,,,False
54,capacitaciones,,,,,NaT,False,,False,False,,,0.0,,,,,,,,,False
55,capacitaciones,,,,,NaT,False,,False,False,,,0.0,,,,,,,,,False
56,capacitaciones,,,,,NaT,False,,False,False,,,0.0,,,,,,,,,False
57,capacitaciones,,,,,NaT,False,,False,False,,,0.0,,,,,,,,,False
58,capacitaciones,,,,,NaT,False,,False,False,,,0.0,,,,,,,,,False
59,capacitaciones,,,,,NaT,False,,False,False,,,0.0,,,,,,,,,False
60,capacitaciones,,,,,NaT,False,,False,False,,,0.0,,,,,,,,,False
61,capacitaciones,,,,,NaT,False,,False,False,,,0.0,,,,,,,,,False
62,capacitaciones,,,,,NaT,False,,False,False,,,0.0,,,,,,,,,False
63,capacitaciones,,,,,NaT,False,,False,False,,,0.0,,,,,,,,,False
64,capacitaciones,,,,,NaT,False,,False,False,,,0.0,,,,,,,,,False
65,capacitaciones,,,,,NaT,False,,False,False,,,0.0,,,,,,,,,False
66,capacitaciones,,,,,NaT,False,,False,False,,,0.0,,,,,,,,,False
67,capacitaciones,,,,,NaT,False,,False,False,,,0.0,,,,,,,,,False
68,capacitaciones,,,,,NaT,False,,False,False,,,0.0,,,,,,,,,False
69,capacitaciones,,,,,NaT,False,,False,False,,,0.0,,,,,,,,,False
70,capacitaciones,,,,,NaT,False,,False,False,,,0.0,,,,,,,,,False
71,capacitaciones,,,,,NaT,False,,False,False,,,0.0,,,,,,,,,False
72,capacitaciones,,,,,NaT,False,,False,False,,,0.0,,,,,,,,,False
73,capacitaciones,,,,,NaT,False,,False,False,,,0.0,,,,,,,,,False
74,capacitaciones,,,,,NaT,False,,False,False,,,0.0,,,,,,,,,False
75,capacitaciones,,,,,NaT,False,,False,False,,,0.0,,,,,,,,,False
76,capacitaciones,,,,,NaT,False,,False,False,,,0.0,,,,,,,,,False
77,capacitaciones,,,,,NaT,False,,False,False,,,0.0,,,,,,,,,False
78,capacitaciones,,,,,NaT,False,,False,False,,,0.0,,,,,,,,,False
79,capacitaciones,,,,,NaT,False,,False,False,,,0.0,,,,,,,,,False
80,capacitaciones,,,,,NaT,False,,False,False,,,0.0,,,,,,,,,False
81,capacitaciones,,,,,NaT,False,,False,False,,,0.0,,,,,,,,,False
82,capacitaciones,,,,,NaT,False,,False,False,,,0.0,,,,,,,,,False
83,capacitaciones,,,,,NaT,False,,False,False,,,0.0,,,,,,,,,False
84,capacitaciones,,,,,NaT,False,,False,False,,,0.0,,,,,,,,,False
85,capacitaciones,,,,,NaT,False,,False,False,,,0.0,,,,,,,,,False
86,capacitaciones,,,,,NaT,False,,False,False,,,0.0,,,,,,,,,False
87,capacitaciones,,,,,NaT,False,,False,False,,,0.0,,,,,,,,,False
88,capacitaciones,,,,,NaT,False,,False,False,,,0.0,,,,,,,,,False
89,capacitaciones,,,,,NaT,False,,False,False,,,0.0,,,,,,,,,False
90,capacitaciones,,,,,NaT,False,,False,False,,,0.0,,,,,,,,,False
91,capacitaciones,,,,,NaT,False,,False,False,,,0.0,,,,,,,,,False
92,capacitaciones,,,,,NaT,False,,False,False,,,0.0,,,,,,,,,False
93,capacitaciones,,,,,NaT,False,,False,False,,,0.0,,,,,,,,,False
94,capacitaciones,,,,,NaT,False,,False,False,,,0.0,,,,,,,,,False
95,capacitaciones,,,,,NaT,False,,False,False,,,0.0,,,,,,,,,False
96,capacitaciones,,,,,NaT,False,,False,False,,,0.0,,,,,,,,,False
97,capacitaciones,,,,,NaT,False,,False,False,,,0.0,,,,,,,,,False
98,capacitaciones,,,,,NaT,False,,False,False,,,0.0,,,,,,,,,False
99,capacitaciones,,,,,NaT,False,,False,False,,,0.0,,,,,,,,,False
100,capacitaciones,,,,,NaT,False,,False,False,,,0.0,,,,,,,,,False
101,capacitaciones,,,,,NaT,False,,False,False,,,0.0,,,,,,,,,False
102,capacitaciones,,,,,NaT,False,,False,False,,,0.0,,,,,,,,,False
103,capacitaciones,,,,,NaT,False,,False,False,,,0.0,,,,,,,,,False
104,capacitaciones,,,,,NaT,False,,False,False,,,0.0,,,,,,,,,False
105,capacitaciones,,,,,NaT,False,,False,False,,,0.0,,,,,,,,,False
106,capacitaciones,,,,,NaT,False,,False,False,,,0.0,,,,,,,,,False
107,capacitaciones,,,,,NaT,False,,False,False,,,0.0,,,,,,,,,False
108,capacitaciones,,,,,NaT,False,,False,False,,,0.0,,,,,,,,,False
109,capacitaciones,,,,,NaT,False,,False,False,,,0.0,,,,,,,,,False
110,capacitaciones,,,,,NaT,False,,False,False,,,0.0,,,,,,,,,False
111,capacitaciones,,,,,NaT,False,,False,False,,,0.0,,,,,,,,,False
112,capacitaciones,,,,,NaT,False,,False,False,,,0.0,,,,,,,,,False
113,capacitaciones,,,,,NaT,False,,False,False,,,0.0,,,,,,,,,False
114,capacitaciones,,,,,NaT,False,,False,False,,,0.0,,,,,,,,,False
115,capacitaciones,,,,,NaT,False,,False,False,,,0.0,,,,,,,,,False
116,capacitaciones,,,,,NaT,False,,False,False,,,0.0,,,,,,,,,False
117,capacitaciones,,,,,NaT,False,,False,False,,,0.0,,,,,,,,,False
118,capacitaciones,,,,,NaT,False,,False,False,,,0.0,,,,,,,,,False
119,capacitaciones,,,,,NaT,False,,False,False,,,0.0,,,,,,,,,False
120,capacitaciones,,,,,NaT,False,,False,False,,,0.0,,,,,,,,,False
121,capacitaciones,,,,,NaT,False,,False,False,,,0.0,,,,,,,,,False
122,capacitaciones,,,,,NaT,False,,False,False,,,0.0,,,,,,,,,False
123,capacitaciones,,,,,NaT,False,,False,False,,,0.0,,,,,,,,,False
124,capacitaciones,,,,,NaT,False,,False,False,,,0.0,,,,,,,,,False
125,capacitaciones,,,,,NaT,False,,False,False,,,0.0,,,,,,,,,False
126,capacitaciones,,,,,NaT,False,,False,False,,,0.0,,,,,,,,,False
127,capacitaciones,,,,,NaT,False,,False,False,,,0.0,,,,,,,,,False
128,capacitaciones,,,,,NaT,False,,False,False,,,0.0,,,,,,,,,False
129,capacitaciones,,,,,NaT,False,,False,False,,,0.0,,,,,,,,,False
130,capacitaciones,,,,,NaT,False,,False,False,,,0.0,,,,,,,,,False
131,capacitaciones,,,,,NaT,False,,False,False,,,0.0,,,,,,,,,False
132,capacitaciones,,,,,NaT,False,,False,False,,,0.0,,,,,,,,,False
133,capacitaciones,,,,,NaT,False,,False,False,,,0.0,,,,,,,,,False
134,capacitaciones,,,,,NaT,False,,False,False,,,0.0,,,,,,,,,False
135,capacitaciones,,,,,NaT,False,,False,False,,,0.0,,,,,,,,,False
136,capacitaciones,,,,,NaT,False,,False,False,,,0.0,,,,,,,,,False
137,capacitaciones,,,,,NaT,False,,False,False,,,0.0,,,,,,,,,False
138,capacitaciones,,,,,NaT,False,,False,False,,,0.0,,,,,,,,,False
139,capacitaciones,,,,,NaT,False,,False,False,,,0.0,,,,,,,,,False
140,capacitaciones,,,,,NaT,False,,False,False,,,0.0,,,,,,,,,False
141,capacitaciones,,,,,NaT,False,,False,False,,,0.0,,,,,,,,,False
142,capacitaciones,,,,,NaT,False,,False,False,,,0.0,,,,,,,,,False
143,capacitaciones,,,,,NaT,False,,False,False,,,0.0,,,,,,,,,False
144,capacitaciones,,,,,NaT,False,,False,False,,,0.0,,,,,,,,,False
145,capacitaciones,,,,,NaT,False,,False,False,,,0.0,,,,,,,,,False
146,capacitaciones,,,,,NaT,False,,False,False,,,0.0,,,,,,,,,False
147,capacitaciones,,,,,NaT,False,,False,False,,,0.0,,,,,,,,,False
148,capacitaciones,,,,,NaT,False,,False,False,,,0.0,,,,,,,,,False
149,capacitaciones,,,,,NaT,False,,False,False,,,0.0,,,,,,,,,False
150,capacitaciones,,,,,NaT,False,,False,False,,,0.0,,,,,,,,,False
151,capacitaciones,,,,,NaT,False,,False,False,,,0.0,,,,,,,,,False
152,capacitaciones,,,,,NaT,False,,False,False,,,0.0,,,,,,,,,False
153,capacitaciones,,,,,NaT,False,,False,False,,,0.0,,,,,,,,,False
154,capacitaciones,,,,,NaT,False,,False,False,,,0.0,,,,,,,,,False
155,capacitaciones,,,,,NaT,False,,False,False,,,0.0,,,,,,,,,False
156,capacitaciones,,,,,NaT,False,,False,False,,,0.0,,,,,,,,,False
157,capacitaciones,,,,,NaT,False,,False,False,,,0.0,,,,,,,,,False
158,capacitaciones,,,,,NaT,False,,False,False,,,0.0,,,,,,,,,False
159,capacitaciones,,,,,NaT,False,,False,False,,,0.0,,,,,,,,,False
160,capacitaciones,,,,,NaT,False,,False,False,,,0.0,,,,,,,,,False
161,capacitaciones,,,,,NaT,False,,False,False,,,0.0,,,,,,,,,False
162,capacitaciones,,,,,NaT,False,,False,False,,,0.0,,,,,,,,,False
163,capacitaciones,,,,,NaT,False,,False,False,,,0.0,,,,,,,,,False
164,capacitaciones,,,,,NaT,False,,False,False,,,0.0,,,,,,,,,False
165,capacitaciones,,,,,NaT,False,,False,False,,,0.0,,,,,,,,,False
166,capacitaciones,,,,,NaT,False,,False,False,,,0.0,,,,,,,,,False
167,capacitaciones,,,,,NaT,False,,False,False,,,0.0,,,,,,,,,False
168,capacitaciones,,,,,NaT,False,,False,False,,,0.0,,,,,,,,,False
169,capacitaciones,,,,,NaT,False,,False,False,,,0.0,,,,,,,,,False
170,capacitaciones,,,,,NaT,False,,False,False,,,0.0,,,,,,,,,False
171,capacitaciones,,,,,NaT,False,,False,False,,,0.0,,,,,,,,,False
172,capacitaciones,,,,,NaT,False,,False,False,,,0.0,,,,,,,,,False
173,capacitaciones,,,,,NaT,False,,False,False,,,0.0,,,,,,,,,False
174,capacitaciones,,,,,NaT,False,,False,False,,,0.0,,,,,,,,,False
175,capacitaciones,,,,,NaT,False,,False,False,,,0.0,,,,,,,,,False
176,capacitaciones,,,,,NaT,False,,False,False,,,0.0,,,,,,,,,False
177,capacitaciones,,,,,NaT,False,,False,False,,,0.0,,,,,,,,,False
178,capacitaciones,,,,,NaT,False,,False,False,,,0.0,,,,,,,,,False
179,capacitaciones,,,,,NaT,False,,False,False,,,0.0,,,,,,,,,False
180,capacitaciones,,,,,NaT,False,,False,False,,,0.0,,,,,,,,,False
181,capacitaciones,,,,,NaT,False,,False,False,,,0.0,,,,,,,,,False
182,capacitaciones,,,,,NaT,False,,False,False,,,0.0,,,,,,,,,False
183,capacitaciones,,,,,NaT,False,,False,False,,,0.0,,,,,,,,,False
184,capacitaciones,,,,,NaT,False,,False,False,,,0.0,,,,,,,,,False
185,capacitaciones,,,,,NaT,False,,False,False,,,0.0,,,,,,,,,False
186,capacitaciones,,,,,NaT,False,,False,False,,,0.0,,,,,,,,,False
187,capacitaciones,,,,,NaT,False,,False,False,,,0.0,,,,,,,,,False
188,capacitaciones,,,,,NaT,False,,False,False,,,0.0,,,,,,,,,False
189,capacitaciones,,,,,NaT,False,,False,False,,,0.0,,,,,,,,,False
190,capacitaciones,,,,,NaT,False,,False,False,,,0.0,,,,,,,,,False
191,capacitaciones,,,,,NaT,False,,False,False,,,0.0,,,,,,,,,False
192,capacitaciones,,,,,NaT,False,,False,False,,,0.0,,,,,,,,,False
193,capacitaciones,,,,,NaT,False,,False,False,,,0.0,,,,,,,,,False
194,capacitaciones,,,,,NaT,False,,False,False,,,0.0,,,,,,,,,False
195,capacitaciones,,,,,NaT,False,,False,False,,,0.0,,,,,,,,,False
196,capacitaciones,,,,,NaT,False,,False,False,,,0.0,,,,,,,,,False
197,capacitaciones,,,,,NaT,False,,False,False,,,0.0,,,,,,,,,False
198,capacitaciones,,,,,NaT,False,,False,False,,,0.0,,,,,,,,,False
199,capacitaciones,,,,,NaT,False,,False,False,,,0.0,,,,,,,,,False
200,capacitaciones,,,,,NaT,False,,False,False,,,0.0,,,,,,,,,False
201,capacitaciones,,,,,NaT,False,,False,False,,,0.0,,,,,,,,,False
202,capacitaciones,,,,,NaT,False,,False,False,,,0.0,,,,,,,,,False
203,capacitaciones,,,,,NaT,False,,False,False,,,0.0,,,,,,,,,False
204,capacitaciones,,,,,NaT,False,,False,False,,,0.0,,,,,,,,,False
205,capacitaciones,,,,,NaT,False,,False,False,,,0.0,,,,,,,,,False
206,capacitaciones,,,,,NaT,False,,False,False,,,0.0,,,,,,,,,False
207,capacitaciones,,,,,NaT,False,,False,False,,,0.0,,,,,,,,,False
208,capacitaciones,,,,,NaT,False,,False,False,,,0.0,,,,,,,,,False
209,capacitaciones,,,,,NaT,False,,False,False,,,0.0,,,,,,,,,False
210,capacitaciones,,,,,NaT,False,,False,False,,,0.0,,,,,,,,,False
211,capacitaciones,,,,,NaT,False,,False,False,,,0.0,,,,,,,,,False
212,capacitaciones,,,,,NaT,False,,False,False,,,0.0,,,,,,,,,False
213,capacitaciones,,,,,NaT,False,,False,False,,,0.0,,,,,,,,,False
214,capacitaciones,,,,,NaT,False,,False,False,,,0.0,,,,,,,,,False
215,capacitaciones,,,,,NaT,False,,False,False,,,0.0,,,,,,,,,False
216,capacitaciones,,,,,NaT,False,,False,False,,,0.0,,,,,,,,,False
217,capacitaciones,,,,,NaT,False,,False,False,,,0.0,,,,,,,,,False
218,capacitaciones,,,,,NaT,False,,False,False,,,0.0,,,,,,,,,False
219,capacitaciones,,,,,NaT,False,,False,False,,,0.0,,,,,,,,,False
220,capacitaciones,,,,,NaT,False,,False,False,,,0.0,,,,,,,,,False
221,capacitaciones,,,,,NaT,False,,False,False,,,0.0,,,,,,,,,False
222,capacitaciones,,,,,NaT,False,,False,False,,,0.0,,,,,,,,,False
223,capacitaciones,,,,,NaT,False,,False,False,,,0.0,,,,,,,,,False
224,capacitaciones,,,,,NaT,False,,False,False,,,0.0,,,,,,,,,False
225,capacitaciones,,,,,NaT,False,,False,False,,,0.0,,,,,,,,,False
226,capacitaciones,,,,,NaT,False,,False,False,,,0.0,,,,,,,,,False
227,capacitaciones,,,,,NaT,False,,False,False,,,0.0,,,,,,,,,False
228,capacitaciones,,,,,NaT,False,,False,False,,,0.0,,,,,,,,,False
229,capacitaciones,,,,,NaT,False,,False,False,,,0.0,,,,,,,,,False
230,capacitaciones,,,,,NaT,False,,False,False,,,0.0,,,,,,,,,False
231,capacitaciones,,,,,NaT,False,,False,False,,,0.0,,,,,,,,,False
232,capacitaciones,,,,,NaT,False,,False,False,,,0.0,,,,,,,,,False
233,capacitaciones,,,,,NaT,False,,False,False,,,0.0,,,,,,,,,False
234,capacitaciones,,,,,NaT,False,,False,False,,,0.0,,,,,,,,,False
235,capacitaciones,,,,,NaT,False,,False,False,,,0.0,,,,,,,,,False
236,capacitaciones,,,,,NaT,False,,False,False,,,0.0,,,,,,,,,False
237,capacitaciones,,,,,NaT,False,,False,False,,,0.0,,,,,,,,,False
238,capacitaciones,,,,,NaT,False,,False,False,,,0.0,,,,,,,,,False
239,capacitaciones,,,,,NaT,False,,False,False,,,0.0,,,,,,,,,False
240,capacitaciones,,,,,NaT,False,,False,False,,,0.0,,,,,,,,,False
241,capacitaciones,,,,,NaT,False,,False,False,,,0.0,,,,,,,,,False
242,capacitaciones,,,,,NaT,False,,False,False,,,0.0,,,,,,,,,False
243,capacitaciones,,,,,NaT,False,,False,False,,,0.0,,,,,,,,,False
244,capacitaciones,,,,,NaT,False,,False,False,,,0.0,,,,,,,,,False
245,capacitaciones,,,,,NaT,False,,False,False,,,0.0,,,,,,,,,False
246,capacitaciones,,,,,NaT,False,,False,False,,,0.0,,,,,,,,,False
247,capacitaciones,,,,,NaT,False,,False,False,,,0.0,,,,,,,,,False
248,capacitaciones,,,,,NaT,False,,False,False,,,0.0,,,,,,,,,False
249,capacitaciones,,,,,NaT,False,,False,False,,,0.0,,,,,,,,,False
250,capacitaciones,,,,,NaT,False,,False,False,,,0.0,,,,,,,,,False
251,capacitaciones,,,,,NaT,False,,False,False,,,0.0,,,,,,,,,False
252,capacitaciones,,,,,NaT,False,,False,False,,,0.0,,,,,,,,,False
253,capacitaciones,,,,,NaT,False,,False,False,,,0.0,,,,,,,,,False
254,capacitaciones,,,,,NaT,False,,False,False,,,0.0,,,,,,,,,False
255,capacitaciones,,,,,NaT,False,,False,False,,,0.0,,,,,,,,,False
256,capacitaciones,,,,,NaT,False,,False,False,,,0.0,,,,,,,,,False
257,capacitaciones,,,,,NaT,False,,False,False,,,0.0,,,,,,,,,False
258,capacitaciones,,,,,NaT,False,,False,False,,,0.0,,,,,,,,,False
259,capacitaciones,,,,,NaT,False,,False,False,,,0.0,,,,,,,,,False
260,capacitaciones,,,,,NaT,False,,False,False,,,0.0,,,,,,,,,False
261,capacitaciones,,,,,NaT,False,,False,False,,,0.0,,,,,,,,,False
262,capacitaciones,,,,,NaT,False,,False,False,,,0.0,,,,,,,,,False
263,capacitaciones,,,,,NaT,False,,False,False,,,0.0,,,,,,,,,False
264,capacitaciones,,,,,NaT,False,,False,False,,,0.0,,,,,,,,,False
265,capacitaciones,,,,,NaT,False,,False,False,,,0.0,,,,,,,,,False
266,capacitaciones,,,,,NaT,False,,False,False,,,0.0,,,,,,,,,False
267,capacitaciones,,,,,NaT,False,,False,False,,,0.0,,,,,,,,,False
268,capacitaciones,,,,,NaT,False,,False,False,,,0.0,,,,,,,,,False
269,capacitaciones,,,,,NaT,False,,False,False,,,0.0,,,,,,,,,False
270,capacitaciones,,,,,NaT,False,,False,False,,,0.0,,,,,,,,,False
271,capacitaciones,,,,,NaT,False,,False,False,,,0.0,,,,,,,,,False
272,capacitaciones,,,,,NaT,False,,False,False,,,0.0,,,,,,,,,False
273,capacitaciones,,,,,NaT,False,,False,False,,,0.0,,,,,,,,,False
274,capacitaciones,,,,,NaT,False,,False,False,,,0.0,,,,,,,,,False
275,capacitaciones,,,,,NaT,False,,False,False,,,0.0,,,,,,,,,False
276,capacitaciones,,,,,NaT,False,,False,False,,,0.0,,,,,,,,,False
277,capacitaciones,,,,,NaT,False,,False,False,,,0.0,,,,,,,,,False
278,capacitaciones,,,,,NaT,False,,False,False,,,0.0,,,,,,,,,False
279,capacitaciones,,,,,NaT,False,,False,False,,,0.0,,,,,,,,,False
280,capacitaciones,,,,,NaT,False,,False,False,,,0.0,,,,,,,,,False
281,capacitaciones,,,,,NaT,False,,False,False,,,0.0,,,,,,,,,False
282,capacitaciones,,,,,NaT,False,,False,False,,,0.0,,,,,,,,,False
283,capacitaciones,,,,,NaT,False,,False,False,,,0.0,,,,,,,,,False
284,capacitaciones,,,,,NaT,False,,False,False,,,0.0,,,,,,,,,False
285,capacitaciones,,,,,NaT,False,,False,False,,,0.0,,,,,,,,,False
286,capacitaciones,,,,,NaT,False,,False,False,,,0.0,,,,,,,,,False
287,capacitaciones,,,,,NaT,False,,False,False,,,0.0,,,,,,,,,False
288,capacitaciones,,,,,NaT,False,,False,False,,,0.0,,,,,,,,,False
289,capacitaciones,,,,,NaT,False,,False,False,,,0.0,,,,,,,,,False
290,capacitaciones,,,,,NaT,False,,False,False,,,0.0,,,,,,,,,False
291,capacitaciones,,,,,NaT,False,,False,False,,,0.0,,,,,,,,,False
292,capacitaciones,,,,,NaT,False,,False,False,,,0.0,,,,,,,,,False
293,capacitaciones,,,,,NaT,False,,False,False,,,0.0,,,,,,,,,False
294,capacitaciones,,,,,NaT,False,,False,False,,,0.0,,,,,,,,,False
295,capacitaciones,,,,,NaT,False,,False,False,,,0.0,,,,,,,,,False
296,capacitaciones,,,,,NaT,False,,False,False,,,0.0,,,,,,,,,False
297,capacitaciones,,,,,NaT,False,,False,False,,,0.0,,,,,,,,,False
298,capacitaciones,,,,,NaT,False,,False,False,,,0.0,,,,,,,,,False
299,capacitaciones,,,,,NaT,False,,False,False,,,0.0,,,,,,,,,False
300,capacitaciones,,,,,NaT,False,,False,False,,,0.0,,,,,,,,,False
301,capacitaciones,,,,,NaT,False,,False,False,,,0.0,,,,,,,,,False
302,capacitaciones,,,,,NaT,False,,False,False,,,0.0,,,,,,,,,False
303,capacitaciones,,,,,NaT,False,,False,False,,,0.0,,,,,,,,,False
304,capacitaciones,,,,,NaT,False,,False,False,,,0.0,,,,,,,,,False
305,capacitaciones,,,,,NaT,False,,False,False,,,0.0,,,,,,,,,False
306,capacitaciones,,,,,NaT,False,,False,False,,,0.0,,,,,,,,,False
307,capacitaciones,,,,,NaT,False,,False,False,,,0.0,,,,,,,,,False
308,capacitaciones,,,,,NaT,False,,False,False,,,0.0,,,,,,,,,False
309,capacitaciones,,,,,NaT,False,,False,False,,,0.0,,,,,,,,,False
310,capacitaciones,,,,,NaT,False,,False,False,,,0.0,,,,,,,,,False
311,capacitaciones,,,,,NaT,False,,False,False,,,0.0,,,,,,,,,False
312,capacitaciones,,,,,NaT,False,,False,False,,,0.0,,,,,,,,,False
313,capacitaciones,,,,,NaT,False,,False,False,,,0.0,,,,,,,,,False
314,capacitaciones,,,,,NaT,False,,False,False,,,0.0,,,,,,,,,False
315,capacitaciones,,,,,NaT,False,,False,False,,,0.0,,,,,,,,,False
316,capacitaciones,,,,,NaT,False,,False,False,,,0.0,,,,,,,,,False
317,capacitaciones,,,,,NaT,False,,False,False,,,0.0,,,,,,,,,False
318,capacitaciones,,,,,NaT,False,,False,False,,,0.0,,,,,,,,,False
319,capacitaciones,,,,,NaT,False,,False,False,,,0.0,,,,,,,,,False
320,capacitaciones,,,,,NaT,False,,False,False,,,0.0,,,,,,,,,False
321,capacitaciones,,,,,NaT,False,,False,False,,,0.0,,,,,,,,,False
322,capacitaciones,,,,,NaT,False,,False,False,,,0.0,,,,,,,,,False
323,capacitaciones,,,,,NaT,False,,False,False,,,0.0,,,,,,,,,False
324,capacitaciones,,,,,NaT,False,,False,False,,,0.0,,,,,,,,,False
325,capacitaciones,,,,,NaT,False,,False,False,,,0.0,,,,,,,,,False
326,capacitaciones,,,,,NaT,False,,False,False,,,0.0,,,,,,,,,False
327,capacitaciones,,,,,NaT,False,,False,False,,,0.0,,,,,,,,,False
328,capacitaciones,,,,,NaT,False,,False,False,,,0.0,,,,,,,,,False
329,capacitaciones,,,,,NaT,False,,False,False,,,0.0,,,,,,,,,False
330,capacitaciones,,,,,NaT,False,,False,False,,,0.0,,,,,,,,,False
331,capacitaciones,,,,,NaT,False,,False,False,,,0.0,,,,,,,,,False
332,capacitaciones,,,,,NaT,False,,False,False,,,0.0,,,,,,,,,False
333,capacitaciones,,,,,NaT,False,,False,False,,,0.0,,,,,,,,,False
334,capacitaciones,,,,,NaT,False,,False,False,,,0.0,,,,,,,,,False
335,capacitaciones,,,,,NaT,False,,False,False,,,0.0,,,,,,,,,False
336,capacitaciones,,,,,NaT,False,,False,False,,,0.0,,,,,,,,,False
337,capacitaciones,,,,,NaT,False,,False,False,,,0.0,,,,,,,,,False
338,capacitaciones,,,,,NaT,False,,False,False,,,0.0,,,,,,,,,False
339,capacitaciones,,,,,NaT,False,,False,False,,,0.0,,,,,,,,,False
340,capacitaciones,,,,,NaT,False,,False,False,,,0.0,,,,,,,,,False
341,capacitaciones,,,,,NaT,False,,False,False,,,0.0,,,,,,,,,False
342,capacitaciones,,,,,NaT,False,,False,False,,,0.0,,,,,,,,,False
343,capacitaciones,,,,,NaT,False,,False,False,,,0.0,,,,,,,,,False
344,capacitaciones,,,,,NaT,False,,False,False,,,0.0,,,,,,,,,False
345,capacitaciones,,,,,NaT,False,,False,False,,,0.0,,,,,,,,,False
346,capacitaciones,,,,,NaT,False,,False,False,,,0.0,,,,,,,,,False
347,capacitaciones,,,,,NaT,False,,False,False,,,0.0,,,,,,,,,False
348,capacitaciones,,,,,NaT,False,,False,False,,,0.0,,,,,,,,,False
349,capacitaciones,,,,,NaT,False,,False,False,,,0.0,,,,,,,,,False
350,capacitaciones,,,,,NaT,False,,False,False,,,0.0,,,,,,,,,False
351,capacitaciones,,,,,NaT,False,,False,False,,,0.0,,,,,,,,,False
352,capacitaciones,,,,,NaT,False,,False,False,,,0.0,,,,,,,,,False
353,capacitaciones,,,,,NaT,False,,False,False,,,0.0,,,,,,,,,False
354,capacitaciones,,,,,NaT,False,,False,False,,,0.0,,,,,,,,,False
355,capacitaciones,,,,,NaT,False,,False,False,,,0.0,,,,,,,,,False
356,capacitaciones,,,,,NaT,False,,False,False,,,0.0,,,,,,,,,False
357,capacitaciones,,,,,NaT,False,,False,False,,,0.0,,,,,,,,,False
358,capacitaciones,,,,,NaT,False,,False,False,,,0.0,,,,,,,,,False
359,capacitaciones,,,,,NaT,False,,False,False,,,0.0,,,,,,,,,False
360,capacitaciones,,,,,NaT,False,,False,False,,,0.0,,,,,,,,,False
361,capacitaciones,,,,,NaT,False,,False,False,,,0.0,,,,,,,,,False
362,capacitaciones,,,,,NaT,False,,False,False,,,0.0,,,,,,,,,False
363,capacitaciones,,,,,NaT,False,,False,False,,,0.0,,,,,,,,,False
364,capacitaciones,,,,,NaT,False,,False,False,,,0.0,,,,,,,,,False
365,capacitaciones,,,,,NaT,False,,False,False,,,0.0,,,,,,,,,False
366,capacitaciones,,,,,NaT,False,,False,False,,,0.0,,,,,,,,,False
367,capacitaciones,,,,,NaT,False,,False,False,,,0.0,,,,,,,,,False
368,capacitaciones,,,,,NaT,False,,False,False,,,0.0,,,,,,,,,False
369,capacitaciones,,,,,NaT,False,,False,False,,,0.0,,,,,,,,,False
370,capacitaciones,,,,,NaT,False,,False,False,,,0.0,,,,,,,,,False
371,capacitaciones,,,,,NaT,False,,False,False,,,0.0,,,,,,,,,False
372,capacitaciones,,,,,NaT,False,,False,False,,,0.0,,,,,,,,,False
373,capacitaciones,,,,,NaT,False,,False,False,,,0.0,,,,,,,,,False
374,capacitaciones,,,,,NaT,False,,False,False,,,0.0,,,,,,,,,False
375,capacitaciones,,,,,NaT,False,,False,False,,,0.0,,,,,,,,,False
376,capacitaciones,,,,,NaT,False,,False,False,,,0.0,,,,,,,,,False
377,capacitaciones,,,,,NaT,False,,False,False,,,0.0,,,,,,,,,False
378,capacitaciones,,,,,NaT,False,,False,False,,,0.0,,,,,,,,,False
379,capacitaciones,,,,,NaT,False,,False,False,,,0.0,,,,,,,,,False
380,capacitaciones,,,,,NaT,False,,False,False,,,0.0,,,,,,,,,False
381,capacitaciones,,,,,NaT,False,,False,False,,,0.0,,,,,,,,,False
382,capacitaciones,,,,,NaT,False,,False,False,,,0.0,,,,,,,,,False
383,capacitaciones,,,,,NaT,False,,False,False,,,0.0,,,,,,,,,False
384,capacitaciones,,,,,NaT,False,,False,False,,,0.0,,,,,,,,,False
385,capacitaciones,,,,,NaT,False,,False,False,,,0.0,,,,,,,,,False
386,capacitaciones,,,,,NaT,False,,False,False,,,0.0,,,,,,,,,False
387,capacitaciones,,,,,NaT,False,,False,False,,,0.0,,,,,,,,,False
388,capacitaciones,,,,,NaT,False,,False,False,,,0.0,,,,,,,,,False
389,capacitaciones,,,,,NaT,False,,False,False,,,0.0,,,,,,,,,False
390,capacitaciones,,,,,NaT,False,,False,False,,,0.0,,,,,,,,,False
391,capacitaciones,,,,,NaT,False,,False,False,,,0.0,,,,,,,,,False
392,capacitaciones,,,,,NaT,False,,False,False,,,0.0,,,,,,,,,False
393,capacitaciones,,,,,NaT,False,,False,False,,,0.0,,,,,,,,,False
394,capacitaciones,,,,,NaT,False,,False,False,,,0.0,,,,,,,,,False
395,capacitaciones,,,,,NaT,False,,False,False,,,0.0,,,,,,,,,False
396,capacitaciones,,,,,NaT,False,,False,False,,,0.0,,,,,,,,,False
397,capacitaciones,,,,,NaT,False,,False,False,,,0.0,,,,,,,,,False
398,capacitaciones,,,,,NaT,False,,False,False,,,0.0,,,,,,,,,False
399,capacitaciones,,,,,NaT,False,,False,False,,,0.0,,,,,,,,,False
400,capacitaciones,,,,,NaT,False,,False,False,,,0.0,,,,,,,,,False
401,capacitaciones,,,,,NaT,False,,False,False,,,0.0,,,,,,,,,False
402,capacitaciones,,,,,NaT,False,,False,False,,,0.0,,,,,,,,,False
403,capacitaciones,,,,,NaT,False,,False,False,,,0.0,,,,,,,,,False
404,capacitaciones,,,,,NaT,False,,False,False,,,0.0,,,,,,,,,False
405,capacitaciones,,,,,NaT,False,,False,False,,,0.0,,,,,,,,,False
406,capacitaciones,,,,,NaT,False,,False,False,,,0.0,,,,,,,,,False
407,capacitaciones,,,,,NaT,False,,False,False,,,0.0,,,,,,,,,False
408,capacitaciones,,,,,NaT,False,,False,False,,,0.0,,,,,,,,,False
409,capacitaciones,,,,,NaT,False,,False,False,,,0.0,,,,,,,,,False
410,capacitaciones,,,,,NaT,False,,False,False,,,0.0,,,,,,,,,False
411,capacitaciones,,,,,NaT,False,,False,False,,,0.0,,,,,,,,,False
412,capacitaciones,,,,,NaT,False,,False,False,,,0.0,,,,,,,,,False
413,capacitaciones,,,,,NaT,False,,False,False,,,0.0,,,,,,,,,False
414,capacitaciones,,,,,NaT,False,,False,False,,,0.0,,,,,,,,,False
415,capacitaciones,,,,,NaT,False,,False,False,,,0.0,,,,,,,,,False
416,capacitaciones,,,,,NaT,False,,False,False,,,0.0,,,,,,,,,False
417,capacitaciones,,,,,NaT,False,,False,False,,,0.0,,,,,,,,,False
418,capacitaciones,,,,,NaT,False,,False,False,,,0.0,,,,,,,,,False
419,capacitaciones,,,,,NaT,False,,False,False,,,0.0,,,,,,,,,False
420,capacitaciones,,,,,NaT,False,,False,False,,,0.0,,,,,,,,,False
421,capacitaciones,,,,,NaT,False,,False,False,,,0.0,,,,,,,,,False
422,capacitaciones,,,,,NaT,False,,False,False,,,0.0,,,,,,,,,False
423,capacitaciones,,,,,NaT,False,,False,False,,,0.0,,,,,,,,,False
424,capacitaciones,,,,,NaT,False,,False,False,,,0.0,,,,,,,,,False
425,capacitaciones,,,,,NaT,False,,False,False,,,0.0,,,,,,,,,False
426,capacitaciones,,,,,NaT,False,,False,False,,,0.0,,,,,,,,,False
427,capacitaciones,,,,,NaT,False,,False,False,,,0.0,,,,,,,,,False
428,capacitaciones,,,,,NaT,False,,False,False,,,0.0,,,,,,,,,False
429,capacitaciones,,,,,NaT,False,,False,False,,,0.0,,,,,,,,,False
430,capacitaciones,,,,,NaT,False,,False,False,,,0.0,,,,,,,,,False
431,capacitaciones,,,,,NaT,False,,False,False,,,0.0,,,,,,,,,False
432,capacitaciones,,,,,NaT,False,,False,False,,,0.0,,,,,,,,,False
433,capacitaciones,,,,,NaT,False,,False,False,,,0.0,,,,,,,,,False
434,capacitaciones,,,,,NaT,False,,False,False,,,0.0,,,,,,,,,False
435,capacitaciones,,,,,NaT,False,,False,False,,,0.0,,,,,,,,,False
436,capacitaciones,,,,,NaT,False,,False,False,,,0.0,,,,,,,,,False
437,capacitaciones,,,,,NaT,False,,False,False,,,0.0,,,,,,,,,False
438,capacitaciones,,,,,NaT,False,,False,False,,,0.0,,,,,,,,,False
439,capacitaciones,,,,,NaT,False,,False,False,,,0.0,,,,,,,,,False
440,capacitaciones,,,,,NaT,False,,False,False,,,0.0,,,,,,,,,False
441,capacitaciones,,,,,NaT,False,,False,False,,,0.0,,,,,,,,,False
442,capacitaciones,,,,,NaT,False,,False,False,,,0.0,,,,,,,,,False
443,capacitaciones,,,,,NaT,False,,False,False,,,0.0,,,,,,,,,False
444,capacitaciones,,,,,NaT,False,,False,False,,,0.0,,,,,,,,,False
445,capacitaciones,,,,,NaT,False,,False,False,,,0.0,,,,,,,,,False
446,capacitaciones,,,,,NaT,False,,False,False,,,0.0,,,,,,,,,False
447,capacitaciones,,,,,NaT,False,,False,False,,,0.0,,,,,,,,,False
448,capacitaciones,,,,,NaT,False,,False,False,,,0.0,,,,,,,,,False
449,capacitaciones,,,,,NaT,False,,False,False,,,0.0,,,,,,,,,False
450,capacitaciones,,,,,NaT,False,,False,False,,,0.0,,,,,,,,,False
451,capacitaciones,,,,,NaT,False,,False,False,,,0.0,,,,,,,,,False
452,capacitaciones,,,,,NaT,False,,False,False,,,0.0,,,,,,,,,False
453,capacitaciones,,,,,NaT,False,,False,False,,,0.0,,,,,,,,,False
454,capacitaciones,,,,,NaT,False,,False,False,,,0.0,,,,,,,,,False
455,capacitaciones,,,,,NaT,False,,False,False,,,0.0,,,,,,,,,False
456,capacitaciones,,,,,NaT,False,,False,False,,,0.0,,,,,,,,,False
457,capacitaciones,,,,,NaT,False,,False,False,,,0.0,,,,,,,,,False
458,capacitaciones,,,,,NaT,False,,False,False,,,0.0,,,,,,,,,False
459,capacitaciones,,,,,NaT,False,,False,False,,,0.0,,,,,,,,,False
460,capacitaciones,,,,,NaT,False,,False,False,,,0.0,,,,,,,,,False
461,capacitaciones,,,,,NaT,False,,False,False,,,0.0,,,,,,,,,False
462,capacitaciones,,,,,NaT,False,,False,False,,,0.0,,,,,,,,,False
463,capacitaciones,,,,,NaT,False,,False,False,,,0.0,,,,,,,,,False
464,capacitaciones,,,,,NaT,False,,False,False,,,0.0,,,,,,,,,False
465,capacitaciones,,,,,NaT,False,,False,False,,,0.0,,,,,,,,,False
466,capacitaciones,,,,,NaT,False,,False,False,,,0.0,,,,,,,,,False
467,capacitaciones,,,,,NaT,False,,False,False,,,0.0,,,,,,,,,False
468,capacitaciones,,,,,NaT,False,,False,False,,,0.0,,,,,,,,,False
469,capacitaciones,,,,,NaT,False,,False,False,,,0.0,,,,,,,,,False
470,capacitaciones,,,,,NaT,False,,False,False,,,0.0,,,,,,,,,False
471,capacitaciones,,,,,NaT,False,,False,False,,,0.0,,,,,,,,,False
472,capacitaciones,,,,,NaT,False,,False,False,,,0.0,,,,,,,,,False
473,capacitaciones,,,,,NaT,False,,False,False,,,0.0,,,,,,,,,False
474,capacitaciones,,,,,NaT,False,,False,False,,,0.0,,,,,,,,,False
475,capacitaciones,,,,,NaT,False,,False,False,,,0.0,,,,,,,,,False
476,capacitaciones,,,,,NaT,False,,False,False,,,0.0,,,,,,,,,False
477,capacitaciones,,,,,NaT,False,,False,False,,,0.0,,,,,,,,,False
478,capacitaciones,,,,,NaT,False,,False,False,,,0.0,,,,,,,,,False
479,capacitaciones,,,,,NaT,False,,False,False,,,0.0,,,,,,,,,False
480,capacitaciones,,,,,NaT,False,,False,False,,,0.0,,,,,,,,,False
481,capacitaciones,,,,,NaT,False,,False,False,,,0.0,,,,,,,,,False
482,capacitaciones,,,,,NaT,False,,False,False,,,0.0,,,,,,,,,False
483,capacitaciones,,,,,NaT,False,,False,False,,,0.0,,,,,,,,,False
484,capacitaciones,,,,,NaT,False,,False,False,,,0.0,,,,,,,,,False
485,capacitaciones,,,,,NaT,False,,False,False,,,0.0,,,,,,,,,False
486,capacitaciones,,,,,NaT,False,,False,False,,,0.0,,,,,,,,,False
487,capacitaciones,,,,,NaT,False,,False,False,,,0.0,,,,,,,,,False
488,capacitaciones,,,,,NaT,False,,False,False,,,0.0,,,,,,,,,False
489,capacitaciones,,,,,NaT,False,,False,False,,,0.0,,,,,,,,,False
490,capacitaciones,,,,,NaT,False,,False,False,,,0.0,,,,,,,,,False
491,capacitaciones,,,,,NaT,False,,False,False,,,0.0,,,,,,,,,False
492,capacitaciones,,,,,NaT,False,,False,False,,,0.0,,,,,,,,,False
493,capacitaciones,,,,,NaT,False,,False,False,,,0.0,,,,,,,,,False
494,capacitaciones,,,,,NaT,False,,False,False,,,0.0,,,,,,,,,False
495,capacitaciones,,,,,NaT,False,,False,False,,,0.0,,,,,,,,,False
496,capacitaciones,,,,,NaT,False,,False,False,,,0.0,,,,,,,,,False
497,capacitaciones,,,,,NaT,False,,False,False,,,0.0,,,,,,,,,False
498,capacitaciones,,,,,NaT,False,,False,False,,,0.0,,,,,,,,,False
499,capacitaciones,,,,,NaT,False,,False,False,,,0.0,,,,,,,,,False
500,capacitaciones,,,,,NaT,False,,False,False,,,0.0,,,,,,,,,False
501,capacitaciones,,,,,NaT,False,,False,False,,,0.0,,,,,,,,,False
502,capacitaciones,,,,,NaT,False,,False,False,,,0.0,,,,,,,,,False
503,capacitaciones,,,,,NaT,False,,False,False,,,0.0,,,,,,,,,False
504,capacitaciones,,,,,NaT,False,,False,False,,,0.0,,,,,,,,,False
505,capacitaciones,,,,,NaT,False,,False,False,,,0.0,,,,,,,,,False
506,capacitaciones,,,,,NaT,False,,False,False,,,0.0,,,,,,,,,False
507,capacitaciones,,,,,NaT,False,,False,False,,,0.0,,,,,,,,,False
508,capacitaciones,,,,,NaT,False,,False,False,,,0.0,,,,,,,,,False
509,capacitaciones,,,,,NaT,False,,False,False,,,0.0,,,,,,,,,False
510,capacitaciones,,,,,NaT,False,,False,False,,,0.0,,,,,,,,,False
511,capacitaciones,,,,,NaT,False,,False,False,,,0.0,,,,,,,,,False
512,capacitaciones,,,,,NaT,False,,False,False,,,0.0,,,,,,,,,False
513,capacitaciones,,,,,NaT,False,,False,False,,,0.0,,,,,,,,,False
514,capacitaciones,,,,,NaT,False,,False,False,,,0.0,,,,,,,,,False
515,capacitaciones,,,,,NaT,False,,False,False,,,0.0,,,,,,,,,False
516,capacitaciones,,,,,NaT,False,,False,False,,,0.0,,,,,,,,,False
517,capacitaciones,,,,,NaT,False,,False,False,,,0.0,,,,,,,,,False
518,capacitaciones,,,,,NaT,False,,False,False,,,0.0,,,,,,,,,False
519,capacitaciones,,,,,NaT,False,,False,False,,,0.0,,,,,,,,,False
520,capacitaciones,,,,,NaT,False,,False,False,,,0.0,,,,,,,,,False
521,capacitaciones,,,,,NaT,False,,False,False,,,0.0,,,,,,,,,False
522,capacitaciones,,,,,NaT,False,,False,False,,,0.0,,,,,,,,,False
523,capacitaciones,,,,,NaT,False,,False,False,,,0.0,,,,,,,,,False
524,capacitaciones,,,,,NaT,False,,False,False,,,0.0,,,,,,,,,False
525,capacitaciones,,,,,NaT,False,,False,False,,,0.0,,,,,,,,,False
526,capacitaciones,,,,,NaT,False,,False,False,,,0.0,,,,,,,,,False
527,capacitaciones,,,,,NaT,False,,False,False,,,0.0,,,,,,,,,False
528,capacitaciones,,,,,NaT,False,,False,False,,,0.0,,,,,,,,,False
529,capacitaciones,,,,,NaT,False,,False,False,,,0.0,,,,,,,,,False
530,capacitaciones,,,,,NaT,False,,False,False,,,0.0,,,,,,,,,False
531,capacitaciones,,,,,NaT,False,,False,False,,,0.0,,,,,,,,,False
532,capacitaciones,,,,,NaT,False,,False,False,,,0.0,,,,,,,,,False
533,capacitaciones,,,,,NaT,False,,False,False,,,0.0,,,,,,,,,False
534,capacitaciones,,,,,NaT,False,,False,False,,,0.0,,,,,,,,,False
535,capacitaciones,,,,,NaT,False,,False,False,,,0.0,,,,,,,,,False
536,capacitaciones,,,,,NaT,False,,False,False,,,0.0,,,,,,,,,False
537,capacitaciones,,,,,NaT,False,,False,False,,,0.0,,,,,,,,,False
538,capacitaciones,,,,,NaT,False,,False,False,,,0.0,,,,,,,,,False
539,capacitaciones,,,,,NaT,False,,False,False,,,0.0,,,,,,,,,False
540,capacitaciones,,,,,NaT,False,,False,False,,,0.0,,,,,,,,,False
541,capacitaciones,,,,,NaT,False,,False,False,,,0.0,,,,,,,,,False
542,capacitaciones,,,,,NaT,False,,False,False,,,0.0,,,,,,,,,False
543,capacitaciones,,,,,NaT,False,,False,False,,,0.0,,,,,,,,,False
544,capacitaciones,,,,,NaT,False,,False,False,,,0.0,,,,,,,,,False
545,capacitaciones,,,,,NaT,False,,False,False,,,0.0,,,,,,,,,False
546,capacitaciones,,,,,NaT,False,,False,False,,,0.0,,,,,,,,,False
547,capacitaciones,,,,,NaT,False,,False,False,,,0.0,,,,,,,,,False
548,capacitaciones,,,,,NaT,False,,False,False,,,0.0,,,,,,,,,False
549,capacitaciones,,,,,NaT,False,,False,False,,,0.0,,,,,,,,,False
550,capacitaciones,,,,,NaT,False,,False,False,,,0.0,,,,,,,,,False
551,capacitaciones,,,,,NaT,False,,False,False,,,0.0,,,,,,,,,False
552,capacitaciones,,,,,NaT,False,,False,False,,,0.0,,,,,,,,,False
553,capacitaciones,,,,,NaT,False,,False,False,,,0.0,,,,,,,,,False
554,capacitaciones,,,,,NaT,False,,False,False,,,0.0,,,,,,,,,False
555,capacitaciones,,,,,NaT,False,,False,False,,,0.0,,,,,,,,,False
556,capacitaciones,,,,,NaT,False,,False,False,,,0.0,,,,,,,,,False
557,capacitaciones,,,,,NaT,False,,False,False,,,0.0,,,,,,,,,False
558,capacitaciones,,,,,NaT,False,,False,False,,,0.0,,,,,,,,,False
559,capacitaciones,,,,,NaT,False,,False,False,,,0.0,,,,,,,,,False
560,capacitaciones,,,,,NaT,False,,False,False,,,0.0,,,,,,,,,False
561,capacitaciones,,,,,NaT,False,,False,False,,,0.0,,,,,,,,,False
562,capacitaciones,,,,,NaT,False,,False,False,,,0.0,,,,,,,,,False
563,capacitaciones,,,,,NaT,False,,False,False,,,0.0,,,,,,,,,False
564,capacitaciones,,,,,NaT,False,,False,False,,,0.0,,,,,,,,,False
565,capacitaciones,,,,,NaT,False,,False,False,,,0.0,,,,,,,,,False
566,capacitaciones,,,,,NaT,False,,False,False,,,0.0,,,,,,,,,False
567,capacitaciones,,,,,NaT,False,,False,False,,,0.0,,,,,,,,,False
568,capacitaciones,,,,,NaT,False,,False,False,,,0.0,,,,,,,,,False
569,capacitaciones,,,,,NaT,False,,False,False,,,0.0,,,,,,,,,False
570,capacitaciones,,,,,NaT,False,,False,False,,,0.0,,,,,,,,,False
571,capacitaciones,,,,,NaT,False,,False,False,,,0.0,,,,,,,,,False
572,capacitaciones,,,,,NaT,False,,False,False,,,0.0,,,,,,,,,False
573,capacitaciones,,,,,NaT,False,,False,False,,,0.0,,,,,,,,,False
574,capacitaciones,,,,,NaT,False,,False,False,,,0.0,,,,,,,,,False
575,capacitaciones,,,,,NaT,False,,False,False,,,0.0,,,,,,,,,False
576,capacitaciones,,,,,NaT,False,,False,False,,,0.0,,,,,,,,,False
577,capacitaciones,,,,,NaT,False,,False,False,,,0.0,,,,,,,,,False
578,capacitaciones,,,,,NaT,False,,False,False,,,0.0,,,,,,,,,False
579,capacitaciones,,,,,NaT,False,,False,False,,,0.0,,,,,,,,,False
580,capacitaciones,,,,,NaT,False,,False,False,,,0.0,,,,,,,,,False
581,capacitaciones,,,,,NaT,False,,False,False,,,0.0,,,,,,,,,False
582,capacitaciones,,,,,NaT,False,,False,False,,,0.0,,,,,,,,,False
583,capacitaciones,,,,,NaT,False,,False,False,,,0.0,,,,,,,,,False
584,capacitaciones,,,,,NaT,False,,False,False,,,0.0,,,,,,,,,False
585,capacitaciones,,,,,NaT,False,,False,False,,,0.0,,,,,,,,,False
586,capacitaciones,,,,,NaT,False,,False,False,,,0.0,,,,,,,,,False
587,capacitaciones,,,,,NaT,False,,False,False,,,0.0,,,,,,,,,False
588,capacitaciones,,,,,NaT,False,,False,False,,,0.0,,,,,,,,,False
589,capacitaciones,,,,,NaT,False,,False,False,,,0.0,,,,,,,,,False
590,capacitaciones,,,,,NaT,False,,False,False,,,0.0,,,,,,,,,False
591,capacitaciones,,,,,NaT,False,,False,False,,,0.0,,,,,,,,,False
592,capacitaciones,,,,,NaT,False,,False,False,,,0.0,,,,,,,,,False
593,capacitaciones,,,,,NaT,False,,False,False,,,0.0,,,,,,,,,False
594,capacitaciones,,,,,NaT,False,,False,False,,,0.0,,,,,,,,,False
595,capacitaciones,,,,,NaT,False,,False,False,,,0.0,,,,,,,,,False
596,capacitaciones,,,,,NaT,False,,False,False,,,0.0,,,,,,,,,False
597,capacitaciones,,,,,NaT,False,,False,False,,,0.0,,,,,,,,,False
598,capacitaciones,,,,,NaT,False,,False,False,,,0.0,,,,,,,,,False
599,capacitaciones,,,,,NaT,False,,False,False,,,0.0,,,,,,,,,False
600,capacitaciones,,,,,NaT,False,,False,False,,,0.0,,,,,,,,,False
601,capacitaciones,,,,,NaT,False,,False,False,,,0.0,,,,,,,,,False
602,capacitaciones,,,,,NaT,False,,False,False,,,0.0,,,,,,,,,False
603,capacitaciones,,,,,NaT,False,,False,False,,,0.0,,,,,,,,,False
604,capacitaciones,,,,,NaT,False,,False,False,,,0.0,,,,,,,,,False
605,capacitaciones,,,,,NaT,False,,False,False,,,0.0,,,,,,,,,False
606,capacitaciones,,,,,NaT,False,,False,False,,,0.0,,,,,,,,,False
607,capacitaciones,,,,,NaT,False,,False,False,,,0.0,,,,,,,,,False
608,capacitaciones,,,,,NaT,False,,False,False,,,0.0,,,,,,,,,False
609,capacitaciones,,,,,NaT,False,,False,False,,,0.0,,,,,,,,,False
610,capacitaciones,,,,,NaT,False,,False,False,,,0.0,,,,,,,,,False
611,capacitaciones,,,,,NaT,False,,False,False,,,0.0,,,,,,,,,False
612,capacitaciones,,,,,NaT,False,,False,False,,,0.0,,,,,,,,,False
613,capacitaciones,,,,,NaT,False,,False,False,,,0.0,,,,,,,,,False
614,capacitaciones,,,,,NaT,False,,False,False,,,0.0,,,,,,,,,False
615,capacitaciones,,,,,NaT,False,,False,False,,,0.0,,,,,,,,,False
616,capacitaciones,,,,,NaT,False,,False,False,,,0.0,,,,,,,,,False
617,capacitaciones,,,,,NaT,False,,False,False,,,0.0,,,,,,,,,False
618,capacitaciones,,,,,NaT,False,,False,False,,,0.0,,,,,,,,,False
619,capacitaciones,,,,,NaT,False,,False,False,,,0.0,,,,,,,,,False
620,capacitaciones,,,,,NaT,False,,False,False,,,0.0,,,,,,,,,False
621,capacitaciones,,,,,NaT,False,,False,False,,,0.0,,,,,,,,,False
622,capacitaciones,,,,,NaT,False,,False,False,,,0.0,,,,,,,,,False
623,capacitaciones,,,,,NaT,False,,False,False,,,0.0,,,,,,,,,False
624,capacitaciones,,,,,NaT,False,,False,False,,,0.0,,,,,,,,,False
625,capacitaciones,,,,,NaT,False,,False,False,,,0.0,,,,,,,,,False
626,capacitaciones,,,,,NaT,False,,False,False,,,0.0,,,,,,,,,False
627,capacitaciones,,,,,NaT,False,,False,False,,,0.0,,,,,,,,,False
628,capacitaciones,,,,,NaT,False,,False,False,,,0.0,,,,,,,,,False
629,capacitaciones,,,,,NaT,False,,False,False,,,0.0,,,,,,,,,False
630,capacitaciones,,,,,NaT,False,,False,False,,,0.0,,,,,,,,,False
631,capacitaciones,,,,,NaT,False,,False,False,,,0.0,,,,,,,,,False
632,capacitaciones,,,,,NaT,False,,False,False,,,0.0,,,,,,,,,False
633,capacitaciones,,,,,NaT,False,,False,False,,,0.0,,,,,,,,,False
634,capacitaciones,,,,,NaT,False,,False,False,,,0.0,,,,,,,,,False
635,capacitaciones,,,,,NaT,False,,False,False,,,0.0,,,,,,,,,False
636,capacitaciones,,,,,NaT,False,,False,False,,,0.0,,,,,,,,,False
637,capacitaciones,,,,,NaT,False,,False,False,,,0.0,,,,,,,,,False
638,capacitaciones,,,,,NaT,False,,False,False,,,0.0,,,,,,,,,False
639,capacitaciones,,,,,NaT,False,,False,False,,,0.0,,,,,,,,,False
640,capacitaciones,,,,,NaT,False,,False,False,,,0.0,,,,,,,,,False
641,capacitaciones,,,,,NaT,False,,False,False,,,0.0,,,,,,,,,False
642,capacitaciones,,,,,NaT,False,,False,False,,,0.0,,,,,,,,,False
643,capacitaciones,,,,,NaT,False,,False,False,,,0.0,,,,,,,,,False
644,capacitaciones,,,,,NaT,False,,False,False,,,0.0,,,,,,,,,False
645,capacitaciones,,,,,NaT,False,,False,False,,,0.0,,,,,,,,,False
646,capacitaciones,,,,,NaT,False,,False,False,,,0.0,,,,,,,,,False
647,capacitaciones,,,,,NaT,False,,False,False,,,0.0,,,,,,,,,False
648,capacitaciones,,,,,NaT,False,,False,False,,,0.0,,,,,,,,,False
649,capacitaciones,,,,,NaT,False,,False,False,,,0.0,,,,,,,,,False
650,capacitaciones,,,,,NaT,False,,False,False,,,0.0,,,,,,,,,False
651,capacitaciones,,,,,NaT,False,,False,False,,,0.0,,,,,,,,,False
652,capacitaciones,,,,,NaT,False,,False,False,,,0.0,,,,,,,,,False
653,capacitaciones,,,,,NaT,False,,False,False,,,0.0,,,,,,,,,False
654,capacitaciones,,,,,NaT,False,,False,False,,,0.0,,,,,,,,,False
655,capacitaciones,,,,,NaT,False,,False,False,,,0.0,,,,,,,,,False
656,capacitaciones,,,,,NaT,False,,False,False,,,0.0,,,,,,,,,False
657,capacitaciones,,,,,NaT,False,,False,False,,,0.0,,,,,,,,,False
658,capacitaciones,,,,,NaT,False,,False,False,,,0.0,,,,,,,,,False
659,capacitaciones,,,,,NaT,False,,False,False,,,0.0,,,,,,,,,False
660,capacitaciones,,,,,NaT,False,,False,False,,,0.0,,,,,,,,,False
661,capacitaciones,,,,,NaT,False,,False,False,,,0.0,,,,,,,,,False
662,capacitaciones,,,,,NaT,False,,False,False,,,0.0,,,,,,,,,False
663,capacitaciones,,,,,NaT,False,,False,False,,,0.0,,,,,,,,,False
664,capacitaciones,,,,,NaT,False,,False,False,,,0.0,,,,,,,,,False
665,capacitaciones,,,,,NaT,False,,False,False,,,0.0,,,,,,,,,False
666,capacitaciones,,,,,NaT,False,,False,False,,,0.0,,,,,,,,,False
667,capacitaciones,,,,,NaT,False,,False,False,,,0.0,,,,,,,,,False
668,capacitaciones,,,,,NaT,False,,False,False,,,0.0,,,,,,,,,False
669,capacitaciones,,,,,NaT,False,,False,False,,,0.0,,,,,,,,,False
670,capacitaciones,,,,,NaT,False,,False,False,,,0.0,,,,,,,,,False
671,capacitaciones,,,,,NaT,False,,False,False,,,0.0,,,,,,,,,False
672,capacitaciones,,,,,NaT,False,,False,False,,,0.0,,,,,,,,,False
673,capacitaciones,,,,,NaT,False,,False,False,,,0.0,,,,,,,,,False
674,capacitaciones,,,,,NaT,False,,False,False,,,0.0,,,,,,,,,False
675,capacitaciones,,,,,NaT,False,,False,False,,,0.0,,,,,,,,,False
676,capacitaciones,,,,,NaT,False,,False,False,,,0.0,,,,,,,,,False
677,capacitaciones,,,,,NaT,False,,False,False,,,0.0,,,,,,,,,False
678,capacitaciones,,,,,NaT,False,,False,False,,,0.0,,,,,,,,,False
679,capacitaciones,,,,,NaT,False,,False,False,,,0.0,,,,,,,,,False
680,capacitaciones,,,,,NaT,False,,False,False,,,0.0,,,,,,,,,False
681,capacitaciones,,,,,NaT,False,,False,False,,,0.0,,,,,,,,,False
682,capacitaciones,,,,,NaT,False,,False,False,,,0.0,,,,,,,,,False
683,capacitaciones,,,,,NaT,False,,False,False,,,0.0,,,,,,,,,False
684,capacitaciones,,,,,NaT,False,,False,False,,,0.0,,,,,,,,,False
685,capacitaciones,,,,,NaT,False,,False,False,,,0.0,,,,,,,,,False
686,capacitaciones,,,,,NaT,False,,False,False,,,0.0,,,,,,,,,False
687,capacitaciones,,,,,NaT,False,,False,False,,,0.0,,,,,,,,,False
688,capacitaciones,,,,,NaT,False,,False,False,,,0.0,,,,,,,,,False
689,capacitaciones,,,,,NaT,False,,False,False,,,0.0,,,,,,,,,False
690,capacitaciones,,,,,NaT,False,,False,False,,,0.0,,,,,,,,,False
691,capacitaciones,,,,,NaT,False,,False,False,,,0.0,,,,,,,,,False
692,capacitaciones,,,,,NaT,False,,False,False,,,0.0,,,,,,,,,False
693,capacitaciones,,,,,NaT,False,,False,False,,,0.0,,,,,,,,,False
694,capacitaciones,,,,,NaT,False,,False,False,,,0.0,,,,,,,,,False
695,capacitaciones,,,,,NaT,False,,False,False,,,0.0,,,,,,,,,False
696,capacitaciones,,,,,NaT,False,,False,False,,,0.0,,,,,,,,,False
697,capacitaciones,,,,,NaT,False,,False,False,,,0.0,,,,,,,,,False
698,capacitaciones,,,,,NaT,False,,False,False,,,0.0,,,,,,,,,False
699,capacitaciones,,,,,NaT,False,,False,False,,,0.0,,,,,,,,,False
700,capacitaciones,,,,,NaT,False,,False,False,,,0.0,,,,,,,,,False
701,capacitaciones,,,,,NaT,False,,False,False,,,0.0,,,,,,,,,False
702,capacitaciones,,,,,NaT,False,,False,False,,,0.0,,,,,,,,,False
703,capacitaciones,,,,,NaT,False,,False,False,,,0.0,,,,,,,,,False
704,capacitaciones,,,,,NaT,False,,False,False,,,0.0,,,,,,,,,False
705,capacitaciones,,,,,NaT,False,,False,False,,,0.0,,,,,,,,,False
706,capacitaciones,,,,,NaT,False,,False,False,,,0.0,,,,,,,,,False
707,capacitaciones,,,,,NaT,False,,False,False,,,0.0,,,,,,,,,False
