row_number,module_name,fecha,anio,mes_num,mes_nombre,periodo,registro_valido,estado_fila_norm,row_alert_estado_incompleto,municipio,estado_pirdes,implementado_mes,participantes_totales,n_tecnicos,n_operarios,requiere_seguimiento,observaciones
1,pirdes,2026-01-26,2026,1,Enero,2026-01,True,OK,False,San Antonio Palopó,Diagnóstico,True,4.0,4.0,0.0,Sí,
2,pirdes,2026-02-04,2026,2,Febrero,2026-02,True,OK,False,Sololá,Diagnóstico,True,3.0,3.0,0.0,Sí,
3,pirdes,2026-02-06,2026,2,Febrero,2026-02,True,OK,False,San Antonio Palopó,Diagnóstico,True,2.0,2.0,0.0,Sí,
4,pirdes,2026-02-09,2026,2,Febrero,2026-02,True,OK,False,Sololá,Revisión técnica,True,3.0,3.0,0.0,Sí,
5,pirdes,2026-02-12,2026,2,Febrero,2026-02,True,OK,False,San Antonio Palopó,Diagnóstico,True,1.0,1.0,0.0,Sí,
6,pirdes,2026-02-17,2026,2,Febrero,2026-02,True,OK,False,Sololá,Revisión técnica,True,3.0,3.0,0.0,Sí,
7,pirdes,2026-02-19,2026,2,Febrero,2026-02,True,OK,False,San Antonio Palopó,Diagnóstico,True,1.0,1.0,,Sí,
8,pirdes,,,,,,False,,False,,,False,,,,,
9,pirdes,,,,,,False,,False,,,False,,,,,
10,pirdes,,,,,,False,,False,,,False,,,,,
11,pirdes,,,,,,False,,False,,,False,,,,,
12,pirdes,,,,,,False,,False,,,False,,,,,
13,pirdes,,,,,,False,,False,,,False,,,,,
14,pirdes,,,,,,False,,False,,,False,,,,,
15,pirdes,,,,,,False,,False,,,False,,,,,
16,pirdes,,,,,,False,,False,,,False,,,,,
17,pirdes,,,,,,False,,False,,,False,,,,,
18,pirdes,,,,,,False,,False,,,False,,,,,
19,pirdes,,,,,,False,,False,,,False,,,,,
20,pirdes,,,,,,False,,False,,,False,,,,,
21,pirdes,,,,,,False,,False,,,False,,,,,
22,pirdes,,,,,,False,,False,,,False,,,,,
23,pirdes,,,,,,False,,False,,,False,,,,,
24,pirdes,,,,,,False,,False,,,False,,,,,
25,pirdes,,,,,,False,,False,,,False,,,,,
26,pirdes,,,,,,False,,False,,,False,,,,,
27,pirdes,,,,,,False,,False,,,False,,,,,
28,pirdes,,,,,,False,,False,,,False,,,,,
29,pirdes,,,,,,False,,False,,,False,,,,,
30,pirdes,,,,,,False,,False,,,False,,,,,
31,pirdes,,,,,,False,,False,,,False,,,,,
32,pirdes,,,,,,False,,False,,,False,,,,,
33,pirdes,,,,,,False,,False,,,False,,,,,
34,pirdes,,,,,,False,,False,,,False,,,,,
35,pirdes,,,,,,False,,False,,,False,,,,,
36,pirdes,,,,,,False,,False,,,False,,,,,
37,pirdes,,,,,,False,,False,,,False,,,,,
38,pirdes,,,,,,False,,False,,,False,,,,,
39,pirdes,,,,,,False,,False,,,False,,,,,
40,pirdes,,,,,,False,,False,,,False,,,,,
41,pirdes,,,,,,False,,False,,,False,,,,,
42,pirdes,,,,,,False,,False,,,False,,,,,
43,pirdes,,,,,,False,,False,,,False,,,,,
44,pirdes,,,,,,False,,False,,,False,,,,,
45,pirdes,,,,,,False,,False,,,False,,,,,
46,pirdes,,,,,,False,,False,,,False,,,,,
47,pirdes,,,,,,False,,False,,,False,,,,,
48,pirdes,,,,,,False,,False,,,False,,,,,
49,pirdes,,,,,,False,,False,,,False,,,,,
50,pirdes,,,,,,False,,False,,,False,,,,,
51,pirdes,,,,,,False,,False,,,False,,,,,
52,pirdes,,,,,,False,,False,,,False,,,,,
53,pirdes,,,,,,False,,False,,,False,,,,,
54,pirdes,,,,,,False,,False,,,False,,,,,
55,pirdes,,,,,,False,,False,,,False,,,,,
56,pirdes,,,,,,False,,False,,,False,,,,,
57,pirdes,,,,,,False,,False,,,False,,,,,
58,pirdes,,,,,,False,,False,,,False,,,,,
59,pirdes,,,,,,False,,False,,,False,,,,,
60,pirdes,,,,,,False,,False,,,False,,,,,
61,pirdes,,,,,,False,,False,,,False,,,,,
62,pirdes,,,,,,False,,False,,,False,,,,,
63,pirdes,,,,,,False,,False,,,False,,,,,
64,pirdes,,,,,,False,,False,,,False,,,,,
65,pirdes,,,,,,False,,False,,,False,,,,,
66,pirdes,,,,,,False,,False,,,False,,,,,
67,pirdes,,,,,,False,,False,,,False,,,,,
68,pirdes,,,,,,False,,False,,,False,,,,,
69,pirdes,,,,,,False,,False,,,False,,,,,
70,pirdes,,,,,,False,,False,,,False,,,,,
71,pirdes,,,,,,False,,False,,,False,,,,,
72,pirdes,,,,,,False,,False,,,False,,,,,
73,pirdes,,,,,,False,,False,,,False,,,,,
74,pirdes,,,,,,False,,False,,,False,,,,,
75,pirdes,,,,,,False,,False,,,False,,,,,
76,pirdes,,,,,,False,,False,,,False,,,,,
77,pirdes,,,,,,False,,False,,,False,,,,,
78,pirdes,,,,,,False,,False,,,False,,,,,
79,pirdes,,,,,,False,,False,,,False,,,,,
80,pirdes,,,,,,False,,False,,,False,,,,,
81,pirdes,,,,,,False,,False,,,False,,,,,
82,pirdes,,,,,,False,,False,,,False,,,,,
83,pirdes,,,,,,False,,False,,,False,,,,,
84,pirdes,,,,,,False,,False,,,False,,,,,
85,pirdes,,,,,,False,,False,,,False,,,,,
86,pirdes,,,,,,False,,False,,,False,,,,,
87,pirdes,,,,,,False,,False,,,False,,,,,
88,pirdes,,,,,,False,,False,,,False,,,,,
89,pirdes,,,,,,False,,False,,,False,,,,,
90,pirdes,,,,,,False,,False,,,False,,,,,
91,pirdes,,,,,,False,,False,,,False,,,,,
92,pirdes,,,,,,False,,False,,,False,,,,,
93,pirdes,,,,,,False,,False,,,False,,,,,
94,pirdes,,,,,,False,,False,,,False,,,,,
95,pirdes,,,,,,False,,False,,,False,,,,,
96,pirdes,,,,,,False,,False,,,False,,,,,
97,pirdes,,,,,,False,,False,,,False,,,,,
98,pirdes,,,,,,False,,False,,,False,,,,,
99,pirdes,,,,,,False,,False,,,False,,,,,
100,pirdes,,,,,,False,,False,,,False,,,,,
101,pirdes,,,,,,False,,False,,,False,,,,,
102,pirdes,,,,,,False,,False,,,False,,,,,
103,pirdes,,,,,,False,,False,,,False,,,,,
104,pirdes,,,,,,False,,False,,,False,,,,,
105,pirdes,,,,,,False,,False,,,False,,,,,
106,pirdes,,,,,,False,,False,,,False,,,,,
107,pirdes,,,,,,False,,False,,,False,,,,,
108,pirdes,,,,,,False,,False,,,False,,,,,
109,pirdes,,,,,,False,,False,,,False,,,,,
110,pirdes,,,,,,False,,False,,,False,,,,,
111,pirdes,,,,,,False,,False,,,False,,,,,
112,pirdes,,,,,,False,,False,,,False,,,,,
113,pirdes,,,,,,False,,False,,,False,,,,,
114,pirdes,,,,,,False,,False,,,False,,,,,
115,pirdes,,,,,,False,,False,,,False,,,,,
116,pirdes,,,,,,False,,False,,,False,,,,,
117,pirdes,,,,,,False,,False,,,False,,,,,
118,pirdes,,,,,,False,,False,,,False,,,,,
119,pirdes,,,,,,False,,False,,,False,,,,,
120,pirdes,,,,,,False,,False,,,False,,,,,
121,pirdes,,,,,,False,,False,,,False,,,,,
122,pirdes,,,,,,False,,False,,,False,,,,,
123,pirdes,,,,,,False,,False,,,False,,,,,
124,pirdes,,,,,,False,,False,,,False,,,,,
125,pirdes,,,,,,False,,False,,,False,,,,,
126,pirdes,,,,,,False,,False,,,False,,,,,
127,pirdes,,,,,,False,,False,,,False,,,,,
128,pirdes,,,,,,False,,False,,,False,,,,,
129,pirdes,,,,,,False,,False,,,False,,,,,
130,pirdes,,,,,,False,,False,,,False,,,,,
131,pirdes,,,,,,False,,False,,,False,,,,,
132,pirdes,,,,,,False,,False,,,False,,,,,
133,pirdes,,,,,,False,,False,,,False,,,,,
134,pirdes,,,,,,False,,False,,,False,,,,,
135,pirdes,,,,,,False,,False,,,False,,,,,
136,pirdes,,,,,,False,,False,,,False,,,,,
137,pirdes,,,,,,False,,False,,,False,,,,,
138,pirdes,,,,,,False,,False,,,False,,,,,
139,pirdes,,,,,,False,,False,,,False,,,,,
140,pirdes,,,,,,False,,False,,,False,,,,,
141,pirdes,,,,,,False,,False,,,False,,,,,
142,pirdes,,,,,,False,,False,,,False,,,,,
143,pirdes,,,,,,False,,False,,,False,,,,,
144,pirdes,,,,,,False,,False,,,False,,,,,
145,pirdes,,,,,,False,,False,,,False,,,,,
146,pirdes,,,,,,False,,False,,,False,,,,,
147,pirdes,,,,,,False,,False,,,False,,,,,
148,pirdes,,,,,,False,,False,,,False,,,,,
149,pirdes,,,,,,False,,False,,,False,,,,,
150,pirdes,,,,,,False,,False,,,False,,,,,
151,pirdes,,,,,,False,,False,,,False,,,,,
152,pirdes,,,,,,False,,False,,,False,,,,,
153,pirdes,,,,,,False,,False,,,False,,,,,
154,pirdes,,,,,,False,,False,,,False,,,,,
155,pirdes,,,,,,False,,False,,,False,,,,,
156,pirdes,,,,,,False,,False,,,False,,,,,
157,pirdes,,,,,,False,,False,,,False,,,,,
158,pirdes,,,,,,False,,False,,,False,,,,,
159,pirdes,,,,,,False,,False,,,False,,,,,
160,pirdes,,,,,,False,,False,,,False,,,,,
161,pirdes,,,,,,False,,False,,,False,,,,,
162,pirdes,,,,,,False,,False,,,False,,,,,
163,pirdes,,,,,,False,,False,,,False,,,,,
164,pirdes,,,,,,False,,False,,,False,,,,,
165,pirdes,,,,,,False,,False,,,False,,,,,
166,pirdes,,,,,,False,,False,,,False,,,,,
167,pirdes,,,,,,False,,False,,,False,,,,,
168,pirdes,,,,,,False,,False,,,False,,,,,
169,pirdes,,,,,,False,,False,,,False,,,,,
170,pirdes,,,,,,False,,False,,,False,,,,,
171,pirdes,,,,,,False,,False,,,False,,,,,
172,pirdes,,,,,,False,,False,,,False,,,,,
173,pirdes,,,,,,False,,False,,,False,,,,,
174,pirdes,,,,,,False,,False,,,False,,,,,
175,pirdes,,,,,,False,,False,,,False,,,,,
176,pirdes,,,,,,False,,False,,,False,,,,,
177,pirdes,,,,,,False,,False,,,False,,,,,
178,pirdes,,,,,,False,,False,,,False,,,,,
179,pirdes,,,,,,False,,False,,,False,,,,,
180,pirdes,,,,,,False,,False,,,False,,,,,
181,pirdes,,,,,,False,,False,,,False,,,,,
182,pirdes,,,,,,False,,False,,,False,,,,,
183,pirdes,,,,,,False,,False,,,False,,,,,
184,pirdes,,,,,,False,,False,,,False,,,,,
185,pirdes,,,,,,False,,False,,,False,,,,,
186,pirdes,,,,,,False,,False,,,False,,,,,
187,pirdes,,,,,,False,,False,,,False,,,,,
188,pirdes,,,,,,False,,False,,,False,,,,,
189,pirdes,,,,,,False,,False,,,False,,,,,
190,pirdes,,,,,,False,,False,,,False,,,,,
191,pirdes,,,,,,False,,False,,,False,,,,,
192,pirdes,,,,,,False,,False,,,False,,,,,
193,pirdes,,,,,,False,,False,,,False,,,,,
194,pirdes,,,,,,False,,False,,,False,,,,,
195,pirdes,,,,,,False,,False,,,False,,,,,
196,pirdes,,,,,,False,,False,,,False,,,,,
197,pirdes,,,,,,False,,False,,,False,,,,,
198,pirdes,,,,,,False,,False,,,False,,,,,
199,pirdes,,,,,,False,,False,,,False,,,,,
200,pirdes,,,,,,False,,False,,,False,,,,,
201,pirdes,,,,,,False,,False,,,False,,,,,
202,pirdes,,,,,,False,,False,,,False,,,,,
203,pirdes,,,,,,False,,False,,,False,,,,,
204,pirdes,,,,,,False,,False,,,False,,,,,
205,pirdes,,,,,,False,,False,,,False,,,,,
206,pirdes,,,,,,False,,False,,,False,,,,,
207,pirdes,,,,,,False,,False,,,False,,,,,
208,pirdes,,,,,,False,,False,,,False,,,,,
209,pirdes,,,,,,False,,False,,,False,,,,,
210,pirdes,,,,,,False,,False,,,False,,,,,
211,pirdes,,,,,,False,,False,,,False,,,,,
212,pirdes,,,,,,False,,False,,,False,,,,,
213,pirdes,,,,,,False,,False,,,False,,,,,
214,pirdes,,,,,,False,,False,,,False,,,,,
215,pirdes,,,,,,False,,False,,,False,,,,,
216,pirdes,,,,,,False,,False,,,False,,,,,
217,pirdes,,,,,,False,,False,,,False,,,,,
218,pirdes,,,,,,False,,False,,,False,,,,,
219,pirdes,,,,,,False,,False,,,False,,,,,
220,pirdes,,,,,,False,,False,,,False,,,,,
221,pirdes,,,,,,False,,False,,,False,,,,,
222,pirdes,,,,,,False,,False,,,False,,,,,
223,pirdes,,,,,,False,,False,,,False,,,,,
224,pirdes,,,,,,False,,False,,,False,,,,,
225,pirdes,,,,,,False,,False,,,False,,,,,
226,pirdes,,,,,,False,,False,,,False,,,,,
227,pirdes,,,,,,False,,False,,,False,,,,,
228,pirdes,,,,,,False,,False,,,False,,,,,
229,pirdes,,,,,,False,,False,,,False,,,,,
230,pirdes,,,,,,False,,False,,,False,,,,,
231,pirdes,,,,,,False,,False,,,False,,,,,
232,pirdes,,,,,,False,,False,,,False,,,,,
233,pirdes,,,,,,False,,False,,,False,,,,,
234,pirdes,,,,,,False,,False,,,False,,,,,
235,pirdes,,,,,,False,,False,,,False,,,,,
236,pirdes,,,,,,False,,False,,,False,,,,,
237,pirdes,,,,,,False,,False,,,False,,,,,
238,pirdes,,,,,,False,,False,,,False,,,,,
239,pirdes,,,,,,False,,False,,,False,,,,,
240,pirdes,,,,,,False,,False,,,False,,,,,
241,pirdes,,,,,,False,,False,,,False,,,,,
242,pirdes,,,,,,False,,False,,,False,,,,,
243,pirdes,,,,,,False,,False,,,False,,,,,
244,pirdes,,,,,,False,,False,,,False,,,,,
245,pirdes,,,,,,False,,False,,,False,,,,,
246,pirdes,,,,,,False,,False,,,False,,,,,
247,pirdes,,,,,,False,,False,,,False,,,,,
248,pirdes,,,,,,False,,False,,,False,,,,,
249,pirdes,,,,,,False,,False,,,False,,,,,
250,pirdes,,,,,,False,,False,,,False,,,,,
251,pirdes,,,,,,False,,False,,,False,,,,,
252,pirdes,,,,,,False,,False,,,False,,,,,
253,pirdes,,,,,,False,,False,,,False,,,,,
254,pirdes,,,,,,False,,False,,,False,,,,,
255,pirdes,,,,,,False,,False,,,False,,,,,
256,pirdes,,,,,,False,,False,,,False,,,,,
257,pirdes,,,,,,False,,False,,,False,,,,,
258,pirdes,,,,,,False,,False,,,False,,,,,
259,pirdes,,,,,,False,,False,,,False,,,,,
260,pirdes,,,,,,False,,False,,,False,,,,,
261,pirdes,,,,,,False,,False,,,False,,,,,
262,pirdes,,,,,,False,,False,,,False,,,,,
263,pirdes,,,,,,False,,False,,,False,,,,,
264,pirdes,,,,,,False,,False,,,False,,,,,
265,pirdes,,,,,,False,,False,,,False,,,,,
266,pirdes,,,,,,False,,False,,,False,,,,,
267,pirdes,,,,,,False,,False,,,False,,,,,
268,pirdes,,,,,,False,,False,,,False,,,,,
269,pirdes,,,,,,False,,False,,,False,,,,,
270,pirdes,,,,,,False,,False,,,False,,,,,
271,pirdes,,,,,,False,,False,,,False,,,,,
272,pirdes,,,,,,False,,False,,,False,,,,,
273,pirdes,,,,,,False,,False,,,False,,,,,
274,pirdes,,,,,,False,,False,,,False,,,,,
275,pirdes,,,,,,False,,False,,,False,,,,,
276,pirdes,,,,,,False,,False,,,False,,,,,
277,pirdes,,,,,,False,,False,,,False,,,,,
278,pirdes,,,,,,False,,False,,,False,,,,,
279,pirdes,,,,,,False,,False,,,False,,,,,
280,pirdes,,,,,,False,,False,,,False,,,,,
281,pirdes,,,,,,False,,False,,,False,,,,,
282,pirdes,,,,,,False,,False,,,False,,,,,
283,pirdes,,,,,,False,,False,,,False,,,,,
284,pirdes,,,,,,False,,False,,,False,,,,,
285,pirdes,,,,,,False,,False,,,False,,,,,
286,pirdes,,,,,,False,,False,,,False,,,,,
287,pirdes,,,,,,False,,False,,,False,,,,,
288,pirdes,,,,,,False,,False,,,False,,,,,
289,pirdes,,,,,,False,,False,,,False,,,,,
290,pirdes,,,,,,False,,False,,,False,,,,,
291,pirdes,,,,,,False,,False,,,False,,,,,
292,pirdes,,,,,,False,,False,,,False,,,,,
293,pirdes,,,,,,False,,False,,,False,,,,,
294,pirdes,,,,,,False,,False,,,False,,,,,
295,pirdes,,,,,,False,,False,,,False,,,,,
296,pirdes,,,,,,False,,False,,,False,,,,,
297,pirdes,,,,,,False,,False,,,False,,,,,
298,pirdes,,,,,,False,,False,,,False,,,,,
299,pirdes,,,,,,False,,False,,,False,,,,,
300,pirdes,,,,,,False,,False,,,False,,,,,
301,pirdes,,,,,,False,,False,,,False,,,,,
302,pirdes,,,,,,False,,False,,,False,,,,,
303,pirdes,,,,,,False,,False,,,False,,,,,
304,pirdes,,,,,,False,,False,,,False,,,,,
305,pirdes,,,,,,False,,False,,,False,,,,,
306,pirdes,,,,,,False,,False,,,False,,,,,
307,pirdes,,,,,,False,,False,,,False,,,,,
308,pirdes,,,,,,False,,False,,,False,,,,,
309,pirdes,,,,,,False,,False,,,False,,,,,
310,pirdes,,,,,,False,,False,,,False,,,,,
311,pirdes,,,,,,False,,False,,,False,,,,,
312,pirdes,,,,,,False,,False,,,False,,,,,
313,pirdes,,,,,,False,,False,,,False,,,,,
314,pirdes,,,,,,False,,False,,,False,,,,,
315,pirdes,,,,,,False,,False,,,False,,,,,
316,pirdes,,,,,,False,,False,,,False,,,,,
317,pirdes,,,,,,False,,False,,,False,,,,,
318,pirdes,,,,,,False,,False,,,False,,,,,
319,pirdes,,,,,,False,,False,,,False,,,,,
320,pirdes,,,,,,False,,False,,,False,,,,,
321,pirdes,,,,,,False,,False,,,False,,,,,
322,pirdes,,,,,,False,,False,,,False,,,,,
323,pirdes,,,,,,False,,False,,,False,,,,,
324,pirdes,,,,,,False,,False,,,False,,,,,
325,pirdes,,,,,,False,,False,,,False,,,,,
326,pirdes,,,,,,False,,False,,,False,,,,,
327,pirdes,,,,,,False,,False,,,False,,,,,
328,pirdes,,,,,,False,,False,,,False,,,,,
329,pirdes,,,,,,False,,False,,,False,,,,,
330,pirdes,,,,,,False,,False,,,False,,,,,
331,pirdes,,,,,,False,,False,,,False,,,,,
332,pirdes,,,,,,False,,False,,,False,,,,,
333,pirdes,,,,,,False,,False,,,False,,,,,
334,pirdes,,,,,,False,,False,,,False,,,,,
335,pirdes,,,,,,False,,False,,,False,,,,,
336,pirdes,,,,,,False,,False,,,False,,,,,
337,pirdes,,,,,,False,,False,,,False,,,,,
338,pirdes,,,,,,False,,False,,,False,,,,,
339,pirdes,,,,,,False,,False,,,False,,,,,
340,pirdes,,,,,,False,,False,,,False,,,,,
341,pirdes,,,,,,False,,False,,,False,,,,,
342,pirdes,,,,,,False,,False,,,False,,,,,
343,pirdes,,,,,,False,,False,,,False,,,,,
344,pirdes,,,,,,False,,False,,,False,,,,,
345,pirdes,,,,,,False,,False,,,False,,,,,
346,pirdes,,,,,,False,,False,,,False,,,,,
347,pirdes,,,,,,False,,False,,,False,,,,,
348,pirdes,,,,,,False,,False,,,False,,,,,
349,pirdes,,,,,,False,,False,,,False,,,,,
350,pirdes,,,,,,False,,False,,,False,,,,,
351,pirdes,,,,,,False,,False,,,False,,,,,
352,pirdes,,,,,,False,,False,,,False,,,,,
353,pirdes,,,,,,False,,False,,,False,,,,,
354,pirdes,,,,,,False,,False,,,False,,,,,
355,pirdes,,,,,,False,,False,,,False,,,,,
356,pirdes,,,,,,False,,False,,,False,,,,,
357,pirdes,,,,,,False,,False,,,False,,,,,
358,pirdes,,,,,,False,,False,,,False,,,,,
359,pirdes,,,,,,False,,False,,,False,,,,,
360,pirdes,,,,,,False,,False,,,False,,,,,
361,pirdes,,,,,,False,,False,,,False,,,,,
362,pirdes,,,,,,False,,False,,,False,,,,,
363,pirdes,,,,,,False,,False,,,False,,,,,
364,pirdes,,,,,,False,,False,,,False,,,,,
365,pirdes,,,,,,False,,False,,,False,,,,,
366,pirdes,,,,,,False,,False,,,False,,,,,
367,pirdes,,,,,,False,,False,,,False,,,,,
368,pirdes,,,,,,False,,False,,,False,,,,,
369,pirdes,,,,,,False,,False,,,False,,,,,
370,pirdes,,,,,,False,,False,,,False,,,,,
371,pirdes,,,,,,False,,False,,,False,,,,,
372,pirdes,,,,,,False,,False,,,False,,,,,
373,pirdes,,,,,,False,,False,,,False,,,,,
374,pirdes,,,,,,False,,False,,,False,,,,,
375,pirdes,,,,,,False,,False,,,False,,,,,
376,pirdes,,,,,,False,,False,,,False,,,,,
377,pirdes,,,,,,False,,False,,,False,,,,,
378,pirdes,,,,,,False,,False,,,False,,,,,
379,pirdes,,,,,,False,,False,,,False,,,,,
380,pirdes,,,,,,False,,False,,,False,,,,,
381,pirdes,,,,,,False,,False,,,False,,,,,
382,pirdes,,,,,,False,,False,,,False,,,,,
383,pirdes,,,,,,False,,False,,,False,,,,,
384,pirdes,,,,,,False,,False,,,False,,,,,
385,pirdes,,,,,,False,,False,,,False,,,,,
386,pirdes,,,,,,False,,False,,,False,,,,,
387,pirdes,,,,,,False,,False,,,False,,,,,
388,pirdes,,,,,,False,,False,,,False,,,,,
389,pirdes,,,,,,False,,False,,,False,,,,,
390,pirdes,,,,,,False,,False,,,False,,,,,
391,pirdes,,,,,,False,,False,,,False,,,,,
392,pirdes,,,,,,False,,False,,,False,,,,,
393,pirdes,,,,,,False,,False,,,False,,,,,
394,pirdes,,,,,,False,,False,,,False,,,,,
395,pirdes,,,,,,False,,False,,,False,,,,,
396,pirdes,,,,,,False,,False,,,False,,,,,
397,pirdes,,,,,,False,,False,,,False,,,,,
398,pirdes,,,,,,False,,False,,,False,,,,,
399,pirdes,,,,,,False,,False,,,False,,,,,
400,pirdes,,,,,,False,,False,,,False,,,,,
401,pirdes,,,,,,False,,False,,,False,,,,,
402,pirdes,,,,,,False,,False,,,False,,,,,
403,pirdes,,,,,,False,,False,,,False,,,,,
404,pirdes,,,,,,False,,False,,,False,,,,,
405,pirdes,,,,,,False,,False,,,False,,,,,
406,pirdes,,,,,,False,,False,,,False,,,,,
407,pirdes,,,,,,False,,False,,,False,,,,,
408,pirdes,,,,,,False,,False,,,False,,,,,
409,pirdes,,,,,,False,,False,,,False,,,,,
410,pirdes,,,,,,False,,False,,,False,,,,,
411,pirdes,,,,,,False,,False,,,False,,,,,
412,pirdes,,,,,,False,,False,,,False,,,,,
413,pirdes,,,,,,False,,False,,,False,,,,,
414,pirdes,,,,,,False,,False,,,False,,,,,
415,pirdes,,,,,,False,,False,,,False,,,,,
416,pirdes,,,,,,False,,False,,,False,,,,,
417,pirdes,,,,,,False,,False,,,False,,,,,
418,pirdes,,,,,,False,,False,,,False,,,,,
419,pirdes,,,,,,False,,False,,,False,,,,,
420,pirdes,,,,,,False,,False,,,False,,,,,
421,pirdes,,,,,,False,,False,,,False,,,,,
422,pirdes,,,,,,False,,False,,,False,,,,,
423,pirdes,,,,,,False,,False,,,False,,,,,
424,pirdes,,,,,,False,,False,,,False,,,,,
425,pirdes,,,,,,False,,False,,,False,,,,,
426,pirdes,,,,,,False,,False,,,False,,,,,
427,pirdes,,,,,,False,,False,,,False,,,,,
428,pirdes,,,,,,False,,False,,,False,,,,,
429,pirdes,,,,,,False,,False,,,False,,,,,
430,pirdes,,,,,,False,,False,,,False,,,,,
431,pirdes,,,,,,False,,False,,,False,,,,,
432,pirdes,,,,,,False,,False,,,False,,,,,
433,pirdes,,,,,,False,,False,,,False,,,,,
434,pirdes,,,,,,False,,False,,,False,,,,,
435,pirdes,,,,,,False,,False,,,False,,,,,
436,pirdes,,,,,,False,,False,,,False,,,,,
437,pirdes,,,,,,False,,False,,,False,,,,,
438,pirdes,,,,,,False,,False,,,False,,,,,
439,pirdes,,,,,,False,,False,,,False,,,,,
440,pirdes,,,,,,False,,False,,,False,,,,,
441,pirdes,,,,,,False,,False,,,False,,,,,
442,pirdes,,,,,,False,,False,,,False,,,,,
443,pirdes,,,,,,False,,False,,,False,,,,,
444,pirdes,,,,,,False,,False,,,False,,,,,
445,pirdes,,,,,,False,,False,,,False,,,,,
446,pirdes,,,,,,False,,False,,,False,,,,,
447,pirdes,,,,,,False,,False,,,False,,,,,
448,pirdes,,,,,,False,,False,,,False,,,,,
449,pirdes,,,,,,False,,False,,,False,,,,,
450,pirdes,,,,,,False,,False,,,False,,,,,
451,pirdes,,,,,,False,,False,,,False,,,,,
452,pirdes,,,,,,False,,False,,,False,,,,,
453,pirdes,,,,,,False,,False,,,False,,,,,
454,pirdes,,,,,,False,,False,,,False,,,,,
455,pirdes,,,,,,False,,False,,,False,,,,,
456,pirdes,,,,,,False,,False,,,False,,,,,
457,pirdes,,,,,,False,,False,,,False,,,,,
458,pirdes,,,,,,False,,False,,,False,,,,,
459,pirdes,,,,,,False,,False,,,False,,,,,
460,pirdes,,,,,,False,,False,,,False,,,,,
461,pirdes,,,,,,False,,False,,,False,,,,,
462,pirdes,,,,,,False,,False,,,False,,,,,
463,pirdes,,,,,,False,,False,,,False,,,,,
464,pirdes,,,,,,False,,False,,,False,,,,,
465,pirdes,,,,,,False,,False,,,False,,,,,
466,pirdes,,,,,,False,,False,,,False,,,,,
467,pirdes,,,,,,False,,False,,,False,,,,,
468,pirdes,,,,,,False,,False,,,False,,,,,
469,pirdes,,,,,,False,,False,,,False,,,,,
470,pirdes,,,,,,False,,False,,,False,,,,,
471,pirdes,,,,,,False,,False,,,False,,,,,
472,pirdes,,,,,,False,,False,,,False,,,,,
473,pirdes,,,,,,False,,False,,,False,,,,,
474,pirdes,,,,,,False,,False,,,False,,,,,
475,pirdes,,,,,,False,,False,,,False,,,,,
476,pirdes,,,,,,False,,False,,,False,,,,,
477,pirdes,,,,,,False,,False,,,False,,,,,
478,pirdes,,,,,,False,,False,,,False,,,,,
479,pirdes,,,,,,False,,False,,,False,,,,,
480,pirdes,,,,,,False,,False,,,False,,,,,
481,pirdes,,,,,,False,,False,,,False,,,,,
482,pirdes,,,,,,False,,False,,,False,,,,,
483,pirdes,,,,,,False,,False,,,False,,,,,
484,pirdes,,,,,,False,,False,,,False,,,,,
485,pirdes,,,,,,False,,False,,,False,,,,,
486,pirdes,,,,,,False,,False,,,False,,,,,
487,pirdes,,,,,,False,,False,,,False,,,,,
488,pirdes,,,,,,False,,False,,,False,,,,,
489,pirdes,,,,,,False,,False,,,False,,,,,
490,pirdes,,,,,,False,,False,,,False,,,,,
491,pirdes,,,,,,False,,False,,,False,,,,,
492,pirdes,,,,,,False,,False,,,False,,,,,
493,pirdes,,,,,,False,,False,,,False,,,,,
494,pirdes,,,,,,False,,False,,,False,,,,,
495,pirdes,,,,,,False,,False,,,False,,,,,
496,pirdes,,,,,,False,,False,,,False,,,,,
497,pirdes,,,,,,False,,False,,,False,,,,,
498,pirdes,,,,,,False,,False,,,False,,,,,
499,pirdes,,,,,,False,,False,,,False,,,,,
500,pirdes,,,,,,False,,False,,,False,,,,,
501,pirdes,,,,,,False,,False,,,False,,,,,
502,pirdes,,,,,,False,,False,,,False,,,,,
503,pirdes,,,,,,False,,False,,,False,,,,,
504,pirdes,,,,,,False,,False,,,False,,,,,
505,pirdes,,,,,,False,,False,,,False,,,,,
506,pirdes,,,,,,False,,False,,,False,,,,,
507,pirdes,,,,,,False,,False,,,False,,,,,
508,pirdes,,,,,,False,,False,,,False,,,,,
509,pirdes,,,,,,False,,False,,,False,,,,,
510,pirdes,,,,,,False,,False,,,False,,,,,
511,pirdes,,,,,,False,,False,,,False,,,,,
512,pirdes,,,,,,False,,False,,,False,,,,,
513,pirdes,,,,,,False,,False,,,False,,,,,
514,pirdes,,,,,,False,,False,,,False,,,,,
515,pirdes,,,,,,False,,False,,,False,,,,,
516,pirdes,,,,,,False,,False,,,False,,,,,
517,pirdes,,,,,,False,,False,,,False,,,,,
518,pirdes,,,,,,False,,False,,,False,,,,,
519,pirdes,,,,,,False,,False,,,False,,,,,
520,pirdes,,,,,,False,,False,,,False,,,,,
521,pirdes,,,,,,False,,False,,,False,,,,,
522,pirdes,,,,,,False,,False,,,False,,,,,
523,pirdes,,,,,,False,,False,,,False,,,,,
524,pirdes,,,,,,False,,False,,,False,,,,,
525,pirdes,,,,,,False,,False,,,False,,,,,
526,pirdes,,,,,,False,,False,,,False,,,,,
527,pirdes,,,,,,False,,False,,,False,,,,,
528,pirdes,,,,,,False,,False,,,False,,,,,
529,pirdes,,,,,,False,,False,,,False,,,,,
530,pirdes,,,,,,False,,False,,,False,,,,,
531,pirdes,,,,,,False,,False,,,False,,,,,
532,pirdes,,,,,,False,,False,,,False,,,,,
533,pirdes,,,,,,False,,False,,,False,,,,,
534,pirdes,,,,,,False,,False,,,False,,,,,
535,pirdes,,,,,,False,,False,,,False,,,,,
536,pirdes,,,,,,False,,False,,,False,,,,,
537,pirdes,,,,,,False,,False,,,False,,,,,
538,pirdes,,,,,,False,,False,,,False,,,,,
539,pirdes,,,,,,False,,False,,,False,,,,,
540,pirdes,,,,,,False,,False,,,False,,,,,
541,pirdes,,,,,,False,,False,,,False,,,,,
542,pirdes,,,,,,False,,False,,,False,,,,,
543,pirdes,,,,,,False,,False,,,False,,,,,
544,pirdes,,,,,,False,,False,,,False,,,,,
545,pirdes,,,,,,False,,False,,,False,,,,,
546,pirdes,,,,,,False,,False,,,False,,,,,
547,pirdes,,,,,,False,,False,,,False,,,,,
548,pirdes,,,,,,False,,False,,,False,,,,,
549,pirdes,,,,,,False,,False,,,False,,,,,
550,pirdes,,,,,,False,,False,,,False,,,,,
551,pirdes,,,,,,False,,False,,,False,,,,,
552,pirdes,,,,,,False,,False,,,False,,,,,
553,pirdes,,,,,,False,,False,,,False,,,,,
554,pirdes,,,,,,False,,False,,,False,,,,,
555,pirdes,,,,,,False,,False,,,False,,,,,
556,pirdes,,,,,,False,,False,,,False,,,,,
557,pirdes,,,,,,False,,False,,,False,,,,,
558,pirdes,,,,,,False,,False,,,False,,,,,
559,pirdes,,,,,,False,,False,,,False,,,,,
560,pirdes,,,,,,False,,False,,,False,,,,,
561,pirdes,,,,,,False,,False,,,False,,,,,
562,pirdes,,,,,,False,,False,,,False,,,,,
563,pirdes,,,,,,False,,False,,,False,,,,,
564,pirdes,,,,,,False,,False,,,False,,,,,
565,pirdes,,,,,,False,,False,,,False,,,,,
566,pirdes,,,,,,False,,False,,,False,,,,,
567,pirdes,,,,,,False,,False,,,False,,,,,
568,pirdes,,,,,,False,,False,,,False,,,,,
569,pirdes,,,,,,False,,False,,,False,,,,,
570,pirdes,,,,,,False,,False,,,False,,,,,
571,pirdes,,,,,,False,,False,,,False,,,,,
572,pirdes,,,,,,False,,False,,,False,,,,,
573,pirdes,,,,,,False,,False,,,False,,,,,
574,pirdes,,,,,,False,,False,,,False,,,,,
575,pirdes,,,,,,False,,False,,,False,,,,,
576,pirdes,,,,,,False,,False,,,False,,,,,
577,pirdes,,,,,,False,,False,,,False,,,,,
578,pirdes,,,,,,False,,False,,,False,,,,,
579,pirdes,,,,,,False,,False,,,False,,,,,
580,pirdes,,,,,,False,,False,,,False,,,,,
581,pirdes,,,,,,False,,False,,,False,,,,,
582,pirdes,,,,,,False,,False,,,False,,,,,
583,pirdes,,,,,,False,,False,,,False,,,,,
584,pirdes,,,,,,False,,False,,,False,,,,,
585,pirdes,,,,,,False,,False,,,False,,,,,
586,pirdes,,,,,,False,,False,,,False,,,,,
587,pirdes,,,,,,False,,False,,,False,,,,,
588,pirdes,,,,,,False,,False,,,False,,,,,
589,pirdes,,,,,,False,,False,,,False,,,,,
590,pirdes,,,,,,False,,False,,,False,,,,,
591,pirdes,,,,,,False,,False,,,False,,,,,
592,pirdes,,,,,,False,,False,,,False,,,,,
593,pirdes,,,,,,False,,False,,,False,,,,,
594,pirdes,,,,,,False,,False,,,False,,,,,
595,pirdes,,,,,,False,,False,,,False,,,,,
596,pirdes,,,,,,False,,False,,,False,,,,,
597,pirdes,,,,,,False,,False,,,False,,,,,
598,pirdes,,,,,,False,,False,,,False,,,,,
599,pirdes,,,,,,False,,False,,,False,,,,,
600,pirdes,,,,,,False,,False,,,False,,,,,
601,pirdes,,,,,,False,,False,,,False,,,,,
602,pirdes,,,,,,False,,False,,,False,,,,,
603,pirdes,,,,,,False,,False,,,False,,,,,
604,pirdes,,,,,,False,,False,,,False,,,,,
605,pirdes,,,,,,False,,False,,,False,,,,,
606,pirdes,,,,,,False,,False,,,False,,,,,
607,pirdes,,,,,,False,,False,,,False,,,,,
608,pirdes,,,,,,False,,False,,,False,,,,,
609,pirdes,,,,,,False,,False,,,False,,,,,
610,pirdes,,,,,,False,,False,,,False,,,,,
611,pirdes,,,,,,False,,False,,,False,,,,,
612,pirdes,,,,,,False,,False,,,False,,,,,
613,pirdes,,,,,,False,,False,,,False,,,,,
614,pirdes,,,,,,False,,False,,,False,,,,,
615,pirdes,,,,,,False,,False,,,False,,,,,
616,pirdes,,,,,,False,,False,,,False,,,,,
617,pirdes,,,,,,False,,False,,,False,,,,,
618,pirdes,,,,,,False,,False,,,False,,,,,
619,pirdes,,,,,,False,,False,,,False,,,,,
620,pirdes,,,,,,False,,False,,,False,,,,,
621,pirdes,,,,,,False,,False,,,False,,,,,
622,pirdes,,,,,,False,,False,,,False,,,,,
623,pirdes,,,,,,False,,False,,,False,,,,,
624,pirdes,,,,,,False,,False,,,False,,,,,
625,pirdes,,,,,,False,,False,,,False,,,,,
626,pirdes,,,,,,False,,False,,,False,,,,,
627,pirdes,,,,,,False,,False,,,False,,,,,
628,pirdes,,,,,,False,,False,,,False,,,,,
629,pirdes,,,,,,False,,False,,,False,,,,,
630,pirdes,,,,,,False,,False,,,False,,,,,
631,pirdes,,,,,,False,,False,,,False,,,,,
632,pirdes,,,,,,False,,False,,,False,,,,,
633,pirdes,,,,,,False,,False,,,False,,,,,
634,pirdes,,,,,,False,,False,,,False,,,,,
635,pirdes,,,,,,False,,False,,,False,,,,,
636,pirdes,,,,,,False,,False,,,False,,,,,
637,pirdes,,,,,,False,,False,,,False,,,,,
638,pirdes,,,,,,False,,False,,,False,,,,,
639,pirdes,,,,,,False,,False,,,False,,,,,
640,pirdes,,,,,,False,,False,,,False,,,,,
641,pirdes,,,,,,False,,False,,,False,,,,,
642,pirdes,,,,,,False,,False,,,False,,,,,
643,pirdes,,,,,,False,,False,,,False,,,,,
644,pirdes,,,,,,False,,False,,,False,,,,,
645,pirdes,,,,,,False,,False,,,False,,,,,
646,pirdes,,,,,,False,,False,,,False,,,,,
647,pirdes,,,,,,False,,False,,,False,,,,,
648,pirdes,,,,,,False,,False,,,False,,,,,
649,pirdes,,,,,,False,,False,,,False,,,,,
650,pirdes,,,,,,False,,False,,,False,,,,,
651,pirdes,,,,,,False,,False,,,False,,,,,
652,pirdes,,,,,,False,,False,,,False,,,,,
653,pirdes,,,,,,False,,False,,,False,,,,,
654,pirdes,,,,,,False,,False,,,False,,,,,
655,pirdes,,,,,,False,,False,,,False,,,,,
656,pirdes,,,,,,False,,False,,,False,,,,,
657,pirdes,,,,,,False,,False,,,False,,,,,
658,pirdes,,,,,,False,,False,,,False,,,,,
659,pirdes,,,,,,False,,False,,,False,,,,,
660,pirdes,,,,,,False,,False,,,False,,,,,
661,pirdes,,,,,,False,,False,,,False,,,,,
662,pirdes,,,,,,False,,False,,,False,,,,,
663,pirdes,,,,,,False,,False,,,False,,,,,
664,pirdes,,,,,,False,,False,,,False,,,,,
665,pirdes,,,,,,False,,False,,,False,,,,,
666,pirdes,,,,,,False,,False,,,False,,,,,
667,pirdes,,,,,,False,,False,,,False,,,,,
668,pirdes,,,,,,False,,False,,,False,,,,,
669,pirdes,,,,,,False,,False,,,False,,,,,
670,pirdes,,,,,,False,,False,,,False,,,,,
671,pirdes,,,,,,False,,False,,,False,,,,,
672,pirdes,,,,,,False,,False,,,False,,,,,
673,pirdes,,,,,,False,,False,,,False,,,,,
674,pirdes,,,,,,False,,False,,,False,,,,,
675,pirdes,,,,,,False,,False,,,False,,,,,
676,pirdes,,,,,,False,,False,,,False,,,,,
677,pirdes,,,,,,False,,False,,,False,,,,,
678,pirdes,,,,,,False,,False,,,False,,,,,
679,pirdes,,,,,,False,,False,,,False,,,,,
680,pirdes,,,,,,False,,False,,,False,,,,,
681,pirdes,,,,,,False,,False,,,False,,,,,
682,pirdes,,,,,,False,,False,,,False,,,,,
683,pirdes,,,,,,False,,False,,,False,,,,,
684,pirdes,,,,,,False,,False,,,False,,,,,
685,pirdes,,,,,,False,,False,,,False,,,,,
686,pirdes,,,,,,False,,False,,,False,,,,,
687,pirdes,,,,,,False,,False,,,False,,,,,
688,pirdes,,,,,,False,,False,,,False,,,,,
689,pirdes,,,,,,False,,False,,,False,,,,,
690,pirdes,,,,,,False,,False,,,False,,,,,
691,pirdes,,,,,,False,,False,,,False,,,,,
692,pirdes,,,,,,False,,False,,,False,,,,,
693,pirdes,,,,,,False,,False,,,False,,,,,
694,pirdes,,,,,,False,,False,,,False,,,,,
695,pirdes,,,,,,False,,False,,,False,,,,,
696,pirdes,,,,,,False,,False,,,False,,,,,
697,pirdes,,,,,,False,,False,,,False,,,,,
698,pirdes,,,,,,False,,False,,,False,,,,,
699,pirdes,,,,,,False,,False,,,False,,,,,
700,pirdes,,,,,,False,,False,,,False,,,,,
701,pirdes,,,,,,False,,False,,,False,,,,,
702,pirdes,,,,,,False,,False,,,False,,,,,
703,pirdes,,,,,,False,,False,,,False,,,,,
704,pirdes,,,,,,False,,False,,,False,,,,,
705,pirdes,,,,,,False,,False,,,False,,,,,
706,pirdes,,,,,,False,,False,,,False,,,,,
707,pirdes,,,,,,False,,False,,,False,,,,,
